kappa,trial,c,eps,n_outer,total_inner,converged,rp,rs,f_rel,lam_rel,cpu
10.0,0,0.0001,0.01,500,4000,False,16.553259728155066,0.00011247012184943602,0.24355003213164855,0.17841604085625165,0.042387962341308594
10.0,0,0.001,0.01,500,3830,False,0.02254222212791102,1.5222528558958409e-06,0.00011688997620140049,0.0004082422431456519,0.04109311103820801
10.0,0,0.01,0.01,138,966,True,8.895578753322961e-07,6.24394842470307e-10,3.590587956564889e-09,1.652754965270742e-08,0.010993480682373047
10.0,0,0.1,0.01,20,178,True,9.615953293802519e-07,1.2701923818006727e-08,4.293053609362989e-09,1.7735803186486262e-08,0.0010001659393310547
10.0,0,1.0,0.01,8,128,True,8.17502040415663e-08,9.08889498165896e-08,2.507804676470566e-10,2.6014434242178324e-09,0.0009992122650146484
10.0,0,10.0,0.01,8,155,True,8.760282034952123e-08,1.3406061552445967e-07,5.349780040953657e-10,2.0300136012483942e-09,0.002000093460083008
10.0,0,100.0,0.01,8,165,True,3.186287683421199e-09,8.430795458144272e-07,1.3637595851882467e-11,7.463263947718048e-09,0.0009999275207519531
10.0,0,1000.0,0.01,10,219,True,1.1358524711943978e-10,1.4131639980232603e-07,6.565389143804635e-14,1.7217433713015896e-09,0.0019998550415039062
10.0,0,10000.0,0.01,10,231,True,3.962625462011758e-11,3.5538248636855665e-07,3.04776285205631e-14,7.183267669232063e-09,0.0020122528076171875
10.0,0,0.0001,0.0001,500,7500,False,16.553264149932346,1.176312824021385e-06,0.2435500875470983,0.17841613945110893,0.06365370750427246
10.0,0,0.001,0.0001,500,7096,False,0.022542910600221837,1.1282172282564982e-08,0.00011689363858042695,0.0004082571280640586,0.06340932846069336
10.0,0,0.01,0.0001,138,1932,True,8.900918120124754e-07,4.56417516123781e-12,3.5907767908715976e-09,1.6537550628409258e-08,0.016497135162353516
10.0,0,0.1,0.0001,20,359,True,9.384531500446441e-07,1.1445296311603726e-10,4.195314902460395e-09,1.7323224842749082e-08,0.002655029296875
10.0,0,1.0,0.0001,7,191,True,1.388178885371144e-07,5.433824385105627e-10,7.478521752502095e-10,2.5110402758973654e-09,0.0015723705291748047
10.0,0,10.0,0.0001,4,114,True,7.047449103741605e-08,1.2019135627107774e-07,5.2256560891000984e-11,1.7879287104160345e-09,0.0010595321655273438
10.0,0,100.0,0.0001,4,146,True,2.5881698242270067e-08,1.1656992214014426e-07,7.754143646225431e-11,1.2836535283100752e-09,0.00099945068359375
10.0,0,1000.0,0.0001,4,170,True,1.776601065964208e-07,3.6018416665902695e-07,9.61774649836042e-10,4.415732692445121e-09,0.0015215873718261719
10.0,0,10000.0,0.0001,5,204,True,1.2534773654887783e-11,4.641104276748848e-07,1.051478183959427e-13,4.0039154817339655e-09,0.0011789798736572266
10.0,0,0.0001,1e-06,500,11000,False,16.55326347765975,9.534962780563749e-09,0.24355007569564538,0.178416137900758,0.08735251426696777
10.0,0,0.001,1e-06,500,10571,False,0.022542892984549832,9.670892033177499e-11,0.00011689363900812967,0.0004082567894390781,0.08823108673095703
10.0,0,0.01,1e-06,138,2893,True,8.900838358517794e-07,4.4648913348516796e-14,3.590749487996048e-09,1.6537406941545365e-08,0.024738550186157227
10.0,0,0.1,1e-06,20,530,True,9.38755374048077e-07,9.11132209288604e-13,4.195819180222291e-09,1.73290778635882e-08,0.004297733306884766
10.0,0,1.0,1e-06,7,259,True,1.382722535096799e-07,1.0607409954624929e-11,7.427655860402464e-10,2.4990065590255134e-09,0.001993417739868164
10.0,0,10.0,1e-06,4,179,True,5.018580208287802e-08,4.353835877959527e-10,3.5100094244205604e-10,8.75064024715653e-10,0.0010001659393310547
10.0,0,100.0,1e-06,3,156,True,2.8410393543419212e-08,3.2697876611680534e-08,1.6348580908786554e-11,4.938034233497802e-10,0.0019986629486083984
10.0,0,1000.0,1e-06,3,168,True,2.8033839921980924e-09,3.728285298908668e-07,1.0882799203980069e-11,5.240395422193351e-09,0.0010004043579101562
10.0,0,10000.0,1e-06,4,286,True,8.617041503696345e-12,2.7825084071546644e-09,4.4827511948994895e-14,5.060584889769786e-11,0.0020008087158203125
10.0,1,0.0001,0.01,500,3999,False,26.246717736141598,0.00013887025522260542,0.42736046624197943,0.23401100702136005,0.04099678993225098
10.0,1,0.001,0.01,500,3999,False,0.05333727859008636,1.9758358096058255e-06,0.0002935774475526099,0.0009748616147613369,0.039995431900024414
10.0,1,0.01,0.01,155,1226,True,9.510148330748697e-07,3.2970382546729903e-10,4.8603487746005885e-09,1.7432909086988992e-08,0.012765169143676758
10.0,1,0.1,0.01,22,215,True,9.094419276745521e-07,1.0001173106439762e-08,4.658384994819567e-09,1.666973190176733e-08,0.0019998550415039062
10.0,1,1.0,0.01,7,121,True,8.223895432958133e-07,5.299235483655448e-07,4.1556038984088995e-09,1.5562247858160816e-08,0.0010004043579101562
10.0,1,10.0,0.01,8,158,True,4.915892297509596e-08,1.0150976948507365e-07,1.001812000031155e-10,7.268540518377806e-10,0.0011887550354003906
10.0,1,100.0,0.01,8,171,True,5.466537470417274e-08,6.92138315500163e-07,3.373138975981772e-10,8.883521731424764e-09,0.0019981861114501953
10.0,1,1000.0,0.01,9,207,True,5.938023292216879e-10,4.973158833199173e-07,2.8199230706035675e-12,5.709785043550179e-09,0.0009927749633789062
10.0,1,10000.0,0.01,10,261,True,2.4452451456872496e-11,9.027091135724898e-08,4.802649242268494e-14,1.0078526054426292e-09,0.0020067691802978516
10.0,1,0.0001,0.0001,500,7359,False,26.246668500324425,1.3988255616527114e-06,0.427360729677646,0.23401099686927798,0.06417107582092285
10.0,1,0.001,0.0001,500,7364,False,0.05333784672939337,3.234825702285529e-08,0.0002935799253985635,0.0009748702416435182,0.06304287910461426
10.0,1,0.01,0.0001,155,2185,True,9.505947125484223e-07,6.048919009075818e-12,4.857725198502586e-09,1.742518455267082e-08,0.019999980926513672
10.0,1,0.1,0.0001,22,432,True,8.957524791816501e-07,7.235832393087758e-11,4.620211842240852e-09,1.64183417727054e-08,0.003010988235473633
10.0,1,1.0,0.0001,7,197,True,3.471609669573506e-07,1.977791146236668e-09,1.973820409417276e-09,6.343275079570316e-09,0.001997232437133789
10.0,1,10.0,0.0001,4,121,True,9.765869138707994e-08,8.793636848160271e-08,7.154550132453486e-10,1.9999478032704124e-09,0.0009999275207519531
10.0,1,100.0,0.0001,4,151,True,5.817424705864e-08,3.4390452780152315e-07,2.4103258632582404e-10,6.9776077170168286e-09,0.0009920597076416016
10.0,1,1000.0,0.0001,4,181,True,4.2039308177128905e-08,3.672823740230616e-07,1.821189809442277e-11,5.4047728035167664e-09,0.0010001659393310547
10.0,1,10000.0,0.0001,6,299,True,5.275020250844897e-12,2.908789594624095e-09,1.9141823948898292e-14,5.617964021297065e-11,0.0024945735931396484
10.0,1,0.0001,1e-06,500,10684,False,26.246667457793194,2.256189512935803e-08,0.42736071597198866,0.2340109937587071,0.08687973022460938
10.0,1,0.001,1e-06,500,10601,False,0.05333784739886708,2.771259654175968e-10,0.00029357990613948157,0.0009748702558291339,0.08778047561645508
10.0,1,0.01,1e-06,155,3249,True,9.50593498646757e-07,5.722550858488481e-14,4.857744225704835e-09,1.7425162203096188e-08,0.02634429931640625
10.0,1,0.1,1e-06,22,610,True,8.959153956292472e-07,8.910212106613406e-13,4.620630440690321e-09,1.64213319835599e-08,0.0050106048583984375
10.0,1,1.0,1e-06,7,280,True,3.464524164251604e-07,1.2935107746631153e-11,1.9694490816332095e-09,6.329861178027477e-09,0.002334117889404297
10.0,1,10.0,1e-06,4,203,True,9.009969252611608e-08,3.8915886311483733e-10,7.14819435917225e-10,1.6063740589477599e-09,0.000997781753540039
10.0,1,100.0,1e-06,3,161,True,1.9922647313589695e-08,2.6449264971183548e-08,1.3302111948890593e-10,3.6192855456879073e-10,0.0009996891021728516
10.0,1,1000.0,1e-06,3,188,True,7.822611879841181e-10,4.1938919848986457e-08,2.1317343820455714e-12,3.267096433035463e-10,0.0020003318786621094
10.0,1,10000.0,1e-06,3,190,True,2.7519544014760153e-10,5.768413767940753e-07,6.477272283546361e-13,4.8124578015642315e-09,0.0009999275207519531
10.0,2,0.0001,0.01,500,4000,False,17.24683725953064,9.683667601218042e-05,0.22449589645110052,0.23717146586009538,0.04115700721740723
10.0,2,0.001,0.01,500,3617,False,0.022322009622431166,1.5084503644322521e-06,8.140757087867374e-05,0.0006315552809709217,0.0403439998626709
10.0,2,0.01,0.01,149,1043,True,9.321552988998422e-07,6.114657492726128e-10,2.1169557678384233e-09,2.7454459562744533e-08,0.01327204704284668
10.0,2,0.1,0.01,21,185,True,8.721074560832687e-07,9.26881132369301e-09,2.230277781413055e-09,2.555631443455147e-08,0.002001523971557617
10.0,2,1.0,0.01,8,121,True,9.794735717036948e-08,7.937854666378279e-08,1.917906197696236e-10,2.8468548222229204e-09,0.0009982585906982422
10.0,2,10.0,0.01,8,152,True,4.5535887943946015e-08,7.50154021577565e-08,1.1883331353220383e-10,1.1525334492574948e-09,0.0010006427764892578
10.0,2,100.0,0.01,9,170,True,8.407558448906639e-10,7.344497741275899e-07,2.196222358362981e-12,1.68848421201621e-08,0.0019998550415039062
10.0,2,1000.0,0.01,10,211,True,4.967754827171794e-11,3.508205852605746e-08,1.6521688829324944e-13,7.357090023266973e-10,0.0019998550415039062
10.0,2,10000.0,0.01,10,217,True,3.7898451777607934e-11,3.0437270526978384e-07,6.708717814935151e-14,6.741364715692704e-09,0.0020012855529785156
10.0,2,0.0001,0.0001,500,7500,False,17.2468566228139,8.697143622419228e-07,0.22449582802690565,0.23717108227372405,0.07265710830688477
10.0,2,0.001,0.0001,500,7129,False,0.022317283736078435,1.3216843611450423e-08,8.139244807947214e-05,0.0006314045577622153,0.06383323669433594
10.0,2,0.01,0.0001,149,2086,True,9.328450743602132e-07,4.4075015424785336e-12,2.1210981068471363e-09,2.7473920545459657e-08,0.01815938949584961
10.0,2,0.1,0.0001,21,372,True,8.704122065884016e-07,9.011581154145324e-11,2.24950031764691e-09,2.550184576953823e-08,0.003999233245849609
10.0,2,1.0,0.0001,7,191,True,1.457088234184585e-07,6.027430724185024e-10,5.777837610601438e-10,4.128985465861197e-09,0.0009925365447998047
10.0,2,10.0,0.0001,4,114,True,8.676652098241122e-08,8.963571009980885e-08,1.7816030004593287e-10,2.0391148318782408e-09,0.0010025501251220703
10.0,2,100.0,0.0001,4,146,True,2.308544500014623e-08,6.86027693600262e-08,9.514182965917166e-11,9.810466139180516e-10,0.0010132789611816406
10.0,2,1000.0,0.0001,4,169,True,4.446918660351561e-08,1.7031283176546115e-07,3.3971740622592955e-10,3.3242437270878395e-09,0.0019865036010742188
10.0,2,10000.0,0.0001,5,195,True,4.615841200752888e-12,3.285243357091557e-07,3.88399452443614e-14,3.4292735566371214e-09,0.0010001659393310547
10.0,2,0.0001,1e-06,500,10934,False,17.246856395591745,8.175790397403504e-09,0.2244958281852789,0.23717107892273312,0.09111618995666504
10.0,2,0.001,1e-06,500,10545,False,0.022317263183761597,1.0358092659347197e-10,8.139237408525706e-05,0.000631403921490608,0.08867478370666504
10.0,2,0.01,1e-06,149,3014,True,9.328506751903372e-07,6.061649958653107e-14,2.121122234691909e-09,2.7474087972935785e-08,0.026240825653076172
10.0,2,0.1,1e-06,21,545,True,8.706491302109908e-07,1.0503095875352908e-12,2.2500178893414922e-09,2.550901491787226e-08,0.003738880157470703
10.0,2,1.0,1e-06,7,256,True,1.4714808156590313e-07,7.028396935153898e-12,5.808947818258152e-10,4.178059398268908e-09,0.0021212100982666016
10.0,2,10.0,1e-06,4,185,True,4.2744836024107826e-08,2.1379991739159668e-10,3.175480362676631e-10,1.1044210269633882e-09,0.0016450881958007812
10.0,2,100.0,1e-06,3,154,True,8.696764576309636e-09,6.230594017506137e-09,5.1186339959917497e-11,2.2990725857603117e-10,0.0010251998901367188
10.0,2,1000.0,1e-06,3,165,True,3.0333219307222984e-09,1.6590042514271955e-07,8.875515972355434e-12,2.1780897843089854e-09,0.0010068416595458984
10.0,2,10000.0,1e-06,3,174,True,1.149749894600746e-10,6.759720503135594e-07,2.988027605730985e-13,1.2404683887865088e-08,0.0014600753784179688
10.0,3,0.0001,0.01,500,4000,False,31.41815840949073,0.00015792102381016832,0.6387059615380279,0.3213023264583841,0.04093575477600098
10.0,3,0.001,0.01,500,3609,False,0.04131103674527144,1.5653837399373354e-06,0.0004299929813585678,0.0006681657310381677,0.03790616989135742
10.0,3,0.01,0.01,150,1050,True,9.174491768751793e-07,6.442277573090175e-10,4.7250750970417995e-09,1.5411201274429863e-08,0.011739015579223633
10.0,3,0.1,0.01,22,214,True,5.725165007363973e-07,5.737640909240217e-09,3.2173479677912674e-09,9.598532699285176e-09,0.002020120620727539
10.0,3,1.0,0.01,8,135,True,1.0228481160080187e-07,9.629410382087607e-08,6.259954278390961e-10,2.2564693226960414e-09,0.0009799003601074219
10.0,3,10.0,0.01,8,165,True,4.647000111535891e-08,7.66022530141255e-08,2.1733295039656235e-10,7.479175650293015e-10,0.0019991397857666016
10.0,3,100.0,0.01,8,165,True,3.452849134248236e-08,9.706509539307454e-07,3.115682628460802e-10,2.300925555557645e-08,0.0014722347259521484
10.0,3,1000.0,0.01,9,197,True,2.870648078137889e-10,2.890506564117153e-07,1.417895172123949e-12,2.0580769650003218e-09,0.0030527114868164062
10.0,3,10000.0,0.01,10,233,True,1.1465226036322187e-10,7.204953317281117e-07,3.6449818937750377e-13,1.023438355695689e-08,0.002000093460083008
10.0,3,0.0001,0.0001,500,7500,False,31.41812997954676,1.4864026717068436e-06,0.638705723315466,0.3213019873442694,0.0713350772857666
10.0,3,0.001,0.0001,500,7058,False,0.0413084088837531,2.520280508717007e-08,0.00043000974263725233,0.0006681173084709506,0.0677182674407959
10.0,3,0.01,0.0001,150,2103,True,9.148856718844914e-07,6.244681846552515e-12,4.7107917245252845e-09,1.5368628302891323e-08,0.021088123321533203
10.0,3,0.1,0.0001,22,414,True,5.534209075154566e-07,6.287770864810267e-11,3.2267963790310403e-09,9.273973307747225e-09,0.004001617431640625
10.0,3,1.0,0.0001,7,196,True,2.639173370184253e-07,1.8415909485087095e-09,2.956698208504137e-09,4.228854398937133e-09,0.0020112991333007812
10.0,3,10.0,0.0001,4,117,True,1.5272779569483313e-07,8.619048142743373e-08,1.0235288761488181e-09,2.195119697554296e-09,0.0009884834289550781
10.0,3,100.0,0.0001,4,152,True,2.3152955832180672e-08,8.333110263759658e-08,4.594821293152886e-11,1.4421609596013288e-09,0.0020003318786621094
10.0,3,1000.0,0.0001,4,177,True,3.7419153074597065e-08,2.251296469235153e-07,2.5552868503133105e-10,2.3923733056355566e-09,0.0010004043579101562
10.0,3,10000.0,0.0001,5,211,True,8.774309112729846e-12,2.3795207622836085e-07,1.239126770611071e-14,1.3056397074400576e-09,0.0019989013671875
10.0,3,0.0001,1e-06,500,10956,False,31.418130628284413,2.4817487656452592e-08,0.638705731098732,0.3213019935452969,0.09721827507019043
10.0,3,0.001,1e-06,500,10526,False,0.04130844166948225,2.3789803084876386e-10,0.0004300096983448748,0.0006681178991466708,0.0938425064086914
10.0,3,0.01,1e-06,150,3150,True,9.149024900654162e-07,5.1608513095642313e-14,4.710866907497883e-09,1.5368911299047935e-08,0.02701115608215332
10.0,3,0.1,1e-06,22,594,True,5.537570640671115e-07,7.323181671069872e-13,3.2283210618698e-09,9.279687293105004e-09,0.005658626556396484
10.0,3,1.0,1e-06,7,269,True,2.6655124412002274e-07,1.787058631529768e-11,2.9713884044390485e-09,4.2784735530500175e-09,0.0
10.0,3,10.0,1e-06,4,201,True,9.593222120030426e-08,8.080136801752589e-10,1.5982904496272304e-09,1.3599525792213763e-09,0.0036547183990478516
10.0,3,100.0,1e-06,3,155,True,2.5011156230554035e-08,1.0852312852858842e-08,3.5632287647373843e-10,2.4283438378299514e-10,0.0010161399841308594
10.0,3,1000.0,1e-06,3,167,True,2.64794899915954e-09,2.073063293127438e-07,1.37324484006384e-11,1.139086583058991e-09,0.0009872913360595703
10.0,3,10000.0,1e-06,3,186,True,6.357745856622717e-11,9.856971424513226e-07,6.167788307648364e-14,1.564320673489811e-08,0.002000570297241211
10.0,4,0.0001,0.01,500,4000,False,32.33139914407786,0.00017332396550498563,1.068345607450554,0.3347414428711505,0.045706748962402344
10.0,4,0.001,0.01,500,3999,False,0.03825973789553889,1.5344864914236663e-06,0.0008252068861392041,0.0005616013195042858,0.0454716682434082
10.0,4,0.01,0.01,137,967,True,9.92475678654393e-07,6.633221466964574e-10,1.634879899693582e-08,1.5065865433279313e-08,0.011656999588012695
10.0,4,0.1,0.01,21,205,True,5.04102155278803e-07,5.130980111719903e-09,9.476598290180313e-09,7.550491906127227e-09,0.0020160675048828125
10.0,4,1.0,0.01,8,126,True,1.5268949967604781e-07,1.6648218267008403e-07,2.796749222827897e-09,3.708109040789475e-09,0.0019829273223876953
10.0,4,10.0,0.01,8,165,True,2.697676873643828e-08,5.019746301415214e-08,1.3335930702122203e-10,3.157425494368445e-10,0.0010008811950683594
10.0,4,100.0,0.01,8,166,True,2.6304833031682195e-08,6.592006052140301e-07,4.437259612012889e-10,4.807006419654003e-09,0.0010097026824951172
10.0,4,1000.0,0.01,9,199,True,7.209633043130216e-10,9.493111630211129e-07,6.4967013504799e-12,3.56821363643033e-09,0.0019996166229248047
10.0,4,10000.0,0.01,10,250,True,3.42366676987243e-11,1.0446787767066265e-07,1.1510523536043008e-13,1.8214905511042134e-09,0.0019998550415039062
10.0,4,0.0001,0.0001,500,7000,False,32.33136411685068,2.3760092242925717e-06,1.0683447642821595,0.3347408174150981,0.06313776969909668
10.0,4,0.001,0.0001,500,7392,False,0.03826074244507884,1.493606384253191e-08,0.0008251968284759721,0.0005616167861089882,0.0670158863067627
10.0,4,0.01,0.0001,137,1918,True,9.909991839497959e-07,4.851632484846289e-12,1.6341909543932655e-08,1.5040796127463265e-08,0.017474889755249023
10.0,4,0.1,0.0001,21,391,True,5.099804925371762e-07,7.714677932639405e-11,9.401085433930352e-09,7.647852605451087e-09,0.004002809524536133
10.0,4,1.0,0.0001,7,194,True,2.3492694628100888e-07,1.3450650360814294e-09,5.332939760224435e-09,3.430725290127542e-09,0.002004861831665039
10.0,4,10.0,0.0001,4,116,True,1.0012973607825898e-07,7.595066195453841e-08,1.844443593636578e-09,1.1390779883246204e-09,0.0009951591491699219
10.0,4,100.0,0.0001,4,153,True,1.719369371503572e-08,3.899637263267394e-08,8.938708377932243e-11,3.4921827728465225e-10,0.0010006427764892578
10.0,4,1000.0,0.0001,4,174,True,1.9593828821997946e-07,3.544141778101329e-07,5.708079862269369e-10,5.436534701728993e-09,0.0010192394256591797
10.0,4,10000.0,0.0001,6,280,True,8.293463874320048e-12,2.180284459380838e-09,6.18241010236685e-14,3.657763475374001e-11,0.0019779205322265625
10.0,4,0.0001,1e-06,500,10610,False,32.331364376476486,2.2763901348305658e-08,1.068344761787807,0.3347408205321272,0.0885770320892334
10.0,4,0.001,1e-06,500,10500,False,0.038260761319725785,2.4056910147554437e-10,0.000825196931398937,0.0005616171232195469,0.08559727668762207
10.0,4,0.01,1e-06,137,2876,True,9.910227969622765e-07,4.718921308369893e-14,1.6342052301402293e-08,1.5041192864787135e-08,0.023899316787719727
10.0,4,0.1,1e-06,21,565,True,5.100276001454461e-07,7.674008775436186e-13,9.400821950852535e-09,7.648653618495653e-09,0.005480289459228516
10.0,4,1.0,1e-06,7,263,True,2.3520939552449268e-07,2.080482705427826e-11,5.313089727497581e-09,3.4375412061937966e-09,0.00200653076171875
10.0,4,10.0,1e-06,4,198,True,1.0242654563661976e-07,5.88208343018207e-10,2.7790855151281528e-09,1.4471205276220867e-09,0.0019922256469726562
10.0,4,100.0,1e-06,3,156,True,2.6582243959456954e-08,1.4245084569117945e-08,4.755653732284782e-10,3.7440977865312694e-10,0.0009999275207519531
10.0,4,1000.0,1e-06,3,169,True,1.284471363788822e-09,1.9268757832671616e-07,1.9735377121319053e-11,1.557979891292178e-09,0.0009996891021728516
10.0,4,10000.0,1e-06,4,281,True,1.0447139294707973e-11,2.131776760254604e-09,2.832667901448084e-14,3.436622624797251e-11,0.002000093460083008
10.0,5,0.0001,0.01,500,3999,False,31.832527747085535,0.00015986259118323828,0.44695529336976697,0.3735810306091887,0.041484832763671875
10.0,5,0.001,0.01,500,3999,False,0.043490476114933174,1.6016734724449176e-06,0.00044860911533385866,0.000694894815026099,0.04201698303222656
10.0,5,0.01,0.01,141,1023,True,9.305507451609959e-07,6.548793796950567e-10,6.640809293033234e-09,1.5490144166099897e-08,0.012009620666503906
10.0,5,0.1,0.01,21,197,True,6.794599936449031e-07,9.782392699458624e-09,5.662004549356353e-09,1.1229106703985757e-08,0.0019991397857666016
10.0,5,1.0,0.01,8,129,True,1.186404264201762e-07,6.703334004055173e-08,5.749998318339096e-10,1.5978643973636814e-09,0.0009996891021728516
10.0,5,10.0,0.01,7,143,True,1.2814475333413014e-08,8.97810516463597e-07,5.030977426718726e-11,1.2398490752648496e-08,0.002013683319091797
10.0,5,100.0,0.01,9,178,True,5.484728330033101e-10,6.42870224448512e-07,2.016661349869373e-12,8.120710500278e-09,0.000993490219116211
10.0,5,1000.0,0.01,10,227,True,1.9071165378619528e-10,1.1145722971907862e-07,5.228692620336598e-13,3.263481069602481e-09,0.002077341079711914
10.0,5,10000.0,0.01,10,253,True,6.431678468876042e-12,7.555660217462274e-08,7.565632408847168e-15,1.40346888390047e-09,0.0019991397857666016
10.0,5,0.0001,0.0001,500,7499,False,31.832452721839765,1.5114004506621684e-06,0.44695427707764085,0.37358119806993473,0.06682872772216797
10.0,5,0.001,0.0001,500,7499,False,0.04349385924844301,1.570233035247705e-08,0.0004486305711046401,0.0006949550391686953,0.06625604629516602
10.0,5,0.01,0.0001,141,1974,True,9.311975422161618e-07,5.42508233040923e-12,6.649711100188067e-09,1.5500317582297328e-08,0.017328739166259766
10.0,5,0.1,0.0001,21,398,True,6.800131993513006e-07,9.659899684007395e-11,5.675041394935532e-09,1.1213010090314756e-08,0.0029761791229248047
10.0,5,1.0,0.0001,7,200,True,2.6905695862024817e-07,2.0580054510538457e-09,2.8885351263312547e-09,4.289915795210627e-09,0.0
10.0,5,10.0,0.0001,4,120,True,1.140187746975698e-07,7.169118673933483e-08,1.5537894442459734e-09,1.8068296336992487e-09,0.0033681392669677734
10.0,5,100.0,0.0001,4,154,True,2.8475357473710756e-08,1.0156065088509638e-07,3.101804209399438e-11,1.7980116958053826e-09,0.0010883808135986328
10.0,5,1000.0,0.0001,4,169,True,8.147045508601786e-08,3.986718767918503e-07,6.818988552676273e-11,6.130495370091204e-09,0.0009946823120117188
10.0,5,10000.0,0.0001,4,197,True,5.576558748567148e-08,8.426416337505628e-07,2.3736751369846385e-10,1.5087822548688427e-08,0.001993894577026367
10.0,5,0.0001,1e-06,500,10740,False,31.83245165099579,1.572205242461147e-08,0.4469542686187103,0.37358118593768375,0.08944916725158691
10.0,5,0.001,1e-06,500,10765,False,0.04349385844425584,2.699922037462673e-10,0.0004486305165829101,0.0006949550231145497,0.08906984329223633
10.0,5,0.01,1e-06,141,2959,True,9.311873784201223e-07,4.856895826689737e-14,6.649687982977928e-09,1.550014657279411e-08,0.02570962905883789
10.0,5,0.1,1e-06,21,582,True,6.801006302289966e-07,6.446822530903323e-13,5.675209099787261e-09,1.1214762436442251e-08,0.005262613296508789
10.0,5,1.0,1e-06,7,273,True,2.675496061092154e-07,2.0939563819382937e-11,2.8829170137983186e-09,4.260479754115913e-09,0.0019941329956054688
10.0,5,10.0,1e-06,4,197,True,1.078409002712839e-07,8.935802580273504e-10,1.4102792748035653e-09,1.6506209198025102e-09,0.0010080337524414062
10.0,5,100.0,1e-06,3,158,True,2.2890643754258367e-08,1.7275687940552943e-08,2.1798247205889522e-10,3.029681547952092e-10,0.001990795135498047
10.0,5,1000.0,1e-06,3,185,True,1.624224017635176e-09,4.427321842726841e-08,7.340344688228164e-12,6.128478947677436e-10,0.0010001659393310547
10.0,5,10000.0,1e-06,3,186,True,3.534939115728049e-10,4.3252853897510736e-07,5.098395617739786e-13,2.809034103977119e-09,0.0020003318786621094
10.0,6,0.0001,0.01,500,4000,False,25.01192525475817,0.00015634716505648867,0.5679006961209342,0.2667524480883402,0.042832136154174805
10.0,6,0.001,0.01,500,3802,False,0.08192707357159537,4.628520090411841e-06,0.0006702387304507006,0.0018420345245899654,0.04375886917114258
10.0,6,0.01,0.01,172,1216,True,9.452240175214926e-07,5.638713557636016e-10,6.980928659961711e-09,2.1339862414661975e-08,0.013056039810180664
10.0,6,0.1,0.01,24,235,True,7.271303212008418e-07,7.13707144776419e-09,5.402217973339175e-09,1.641591257728985e-08,0.0019996166229248047
10.0,6,1.0,0.01,8,136,True,1.4787475593963353e-07,1.0108437022621591e-07,9.073142766269435e-10,3.695711442042591e-09,0.0010018348693847656
10.0,6,10.0,0.01,8,162,True,9.50672525126976e-08,2.3253563768426296e-07,5.461686765748974e-10,1.7175933167241633e-09,0.001004934310913086
10.0,6,100.0,0.01,9,183,True,6.180074841106858e-10,3.8416357203746226e-07,3.347008154875717e-12,6.206443316390128e-09,0.0020058155059814453
10.0,6,1000.0,0.01,9,197,True,6.07107089438883e-10,5.248441131200154e-07,4.619555281919724e-12,5.928512893238469e-09,0.0019958019256591797
10.0,6,10000.0,0.01,10,266,True,1.1949357470731972e-11,3.3363579704498897e-08,1.1370149455361035e-13,2.268861107518509e-10,0.003002643585205078
10.0,6,0.0001,0.0001,500,7500,False,25.011830809283072,1.323262401666692e-06,0.5678989265919181,0.2667514646027333,0.07023453712463379
10.0,6,0.001,0.0001,500,7148,False,0.08192023232441176,4.6582853497841415e-08,0.000670204525564602,0.0018418798833607646,0.07484817504882812
10.0,6,0.01,0.0001,172,2409,True,9.442475180328866e-07,3.838599522599285e-12,6.975672558232682e-09,2.131780974412356e-08,0.022895336151123047
10.0,6,0.1,0.0001,24,455,True,7.274390507969443e-07,6.441821577806645e-11,5.406528260555909e-09,1.6422729698258946e-08,0.003854990005493164
10.0,6,1.0,0.0001,7,201,True,6.082887938976995e-07,2.879461296072051e-09,5.045485264732548e-09,1.3694066321972332e-08,0.0020475387573242188
10.0,6,10.0,0.0001,4,120,True,9.297287363590851e-08,8.475073882100306e-08,1.256472646472387e-09,1.9704541534019606e-09,0.001007080078125
10.0,6,100.0,0.0001,4,155,True,3.9619026272307276e-08,4.6743238965866866e-08,1.1880714646504567e-10,5.409518782812809e-10,0.001993417739868164
10.0,6,1000.0,0.0001,4,179,True,1.6517396635056817e-08,2.738335530238484e-07,1.8019030819834467e-10,4.5262033640477864e-09,0.001007080078125
10.0,6,10000.0,0.0001,5,210,True,1.4364942639832628e-11,6.592207398479515e-07,2.5651057171294496e-14,3.3729369107218113e-09,0.0022726058959960938
10.0,6,0.0001,1e-06,500,10977,False,25.011830703820745,2.1673445090412864e-08,0.5678989271825016,0.2667514647235617,0.0979316234588623
10.0,6,0.001,1e-06,500,10523,False,0.08192022659530909,4.699272619350689e-10,0.0006702048035301909,0.0018418797077736887,0.09993457794189453
10.0,6,0.01,1e-06,172,3612,True,9.442532265642694e-07,4.869400722795786e-14,6.975744781422022e-09,2.1317938472924067e-08,0.03203892707824707
10.0,6,0.1,1e-06,24,667,True,7.2747051362612e-07,4.576718490059069e-13,5.406660881979156e-09,1.6423430562793402e-08,0.005998134613037109
10.0,6,1.0,1e-06,7,274,True,6.11797407123652e-07,3.201286062580185e-11,5.065556216395934e-09,1.3770605559458682e-08,0.0020003318786621094
10.0,6,10.0,1e-06,4,197,True,1.1959550713736536e-07,7.893482982086565e-10,1.393544982944916e-09,2.617371033347107e-09,0.0018804073333740234
10.0,6,100.0,1e-06,3,162,True,2.1603427103564457e-08,9.130525434546427e-09,4.550843194731086e-11,2.554421765685424e-10,0.0
10.0,6,1000.0,1e-06,3,174,True,1.737592967409129e-09,9.554109298901287e-08,1.8251000060962963e-11,6.356568777870851e-10,0.0033180713653564453
10.0,6,10000.0,1e-06,4,291,True,8.832124137920381e-12,3.025970022570573e-09,4.129638282187128e-14,6.078415609058874e-11,0.002077817916870117
10.0,7,0.0001,0.01,500,4000,False,23.394993229278754,0.0001532697981287816,0.24265630771654645,0.24785095908979904,0.04178953170776367
10.0,7,0.001,0.01,500,3999,False,0.014524272476419285,5.992605437664068e-07,7.881972124772586e-05,0.00022635821796884592,0.041357994079589844
10.0,7,0.01,0.01,123,861,True,9.21172803768793e-07,7.175339045209826e-10,4.150628845957187e-09,1.519011706312484e-08,0.009282827377319336
10.0,7,0.1,0.01,19,171,True,7.324486393766724e-07,1.1984719290182459e-08,3.5712907437956985e-09,1.1845351464897455e-08,0.0019979476928710938
10.0,7,1.0,0.01,8,133,True,5.8418800942792375e-08,6.932430441096021e-08,3.330134240314526e-11,1.7464024696572186e-09,0.00104522705078125
10.0,7,10.0,0.01,8,156,True,9.074558978977739e-08,1.3721356350273375e-07,5.730736274903314e-11,1.3919656432214482e-09,0.0
10.0,7,100.0,0.01,9,186,True,3.3768707996343693e-10,1.5679331223357565e-07,1.1573374500736693e-12,1.0805556268734517e-09,0.0031986236572265625
10.0,7,1000.0,0.01,9,193,True,3.8056428048657257e-10,7.351407365592192e-07,1.7409230790150068e-12,1.099978515169331e-08,0.0021326541900634766
10.0,7,10000.0,0.01,10,242,True,1.1749903198596732e-11,1.352396102199354e-07,2.9331875016516964e-14,2.8126248700228283e-09,0.001999378204345703
10.0,7,0.0001,0.0001,500,7500,False,23.394982859500313,1.3252756463133886e-06,0.2426567237322253,0.2478507607948846,0.06707000732421875
10.0,7,0.001,0.0001,500,7065,False,0.014524997328247906,9.99343832017005e-09,7.881970794919627e-05,0.00022637635529074507,0.06477832794189453
10.0,7,0.01,0.0001,123,1722,True,9.251602990818618e-07,5.11962650582231e-12,4.15372157851312e-09,1.528035423195638e-08,0.01639580726623535
10.0,7,0.1,0.0001,19,355,True,6.835840506971982e-07,7.699312338235056e-11,3.4788553240687918e-09,1.0821844888056137e-08,0.0023887157440185547
10.0,7,1.0,0.0001,7,191,True,9.453922328768676e-08,1.0427512005085191e-09,5.433901090704373e-10,1.4682519446411596e-09,0.0020835399627685547
10.0,7,10.0,0.0001,4,120,True,5.077275230717262e-08,5.761302813203803e-08,2.8469568755554516e-10,9.42647571268795e-10,0.0010123252868652344
10.0,7,100.0,0.0001,4,147,True,5.121572188333227e-08,9.511633086022752e-08,1.9772396535700434e-11,1.8102484838866379e-09,0.0009937286376953125
10.0,7,1000.0,0.0001,4,173,True,2.059148741031009e-07,3.9850688143761423e-07,1.1069558007967443e-09,7.797014221682032e-09,0.0009877681732177734
10.0,7,10000.0,0.0001,5,200,True,1.568703956473665e-11,8.80434101911744e-07,1.3563872840007844e-15,7.0800538669582425e-09,0.0010962486267089844
10.0,7,0.0001,1e-06,500,10760,False,23.39498259552025,1.932074759036339e-08,0.2426567227897679,0.24785075576221818,0.09008431434631348
10.0,7,0.001,1e-06,500,10500,False,0.01452499245761088,1.0622405785606401e-10,7.881969132175321e-05,0.00022637624938591765,0.0868997573852539
10.0,7,0.01,1e-06,123,2544,True,9.251165474346183e-07,4.38869367664159e-14,4.153701741349092e-09,1.5279364693551313e-08,0.02035808563232422
10.0,7,0.1,1e-06,19,509,True,6.840028667227361e-07,7.736782743651733e-13,3.4793834673674998e-09,1.083003959743849e-08,0.0045490264892578125
10.0,7,1.0,1e-06,7,261,True,9.382409549564675e-08,1.086166893868294e-11,5.389947360766328e-10,1.4565578857440605e-09,0.002043485641479492
10.0,7,10.0,1e-06,4,183,True,5.2967744700546334e-08,6.131522322916266e-10,3.815597117647142e-10,8.009619234176547e-10,0.001988649368286133
10.0,7,100.0,1e-06,3,155,True,1.9053176361688007e-08,3.028480777877578e-08,2.311928215897237e-11,4.5827256389537697e-10,0.0010001659393310547
10.0,7,1000.0,1e-06,3,169,True,1.8332276767515584e-09,2.281695936244072e-07,7.300754556134222e-13,2.9523410309409146e-09,0.0010089874267578125
10.0,7,10000.0,1e-06,4,286,True,1.0502751294841436e-11,3.0867124402564716e-09,4.781265176102765e-14,6.087124112621233e-11,0.0023844242095947266
10.0,8,0.0001,0.01,500,4000,False,16.674320508562992,8.876907302631188e-05,0.32676296916617026,0.3089395931116551,0.04264116287231445
10.0,8,0.001,0.01,500,3699,False,0.05270860162085018,3.1834815002276324e-06,0.0006801800397453654,0.001360085116298646,0.04116249084472656
10.0,8,0.01,0.01,151,1057,True,9.644763420166687e-07,5.868376883042729e-10,1.1540053163238657e-08,2.5030679888226907e-08,0.011302709579467773
10.0,8,0.1,0.01,22,216,True,6.907450688175386e-07,5.543691322863193e-09,8.468812738007097e-09,1.7917444203928327e-08,0.001998424530029297
10.0,8,1.0,0.01,8,138,True,9.626852023537016e-08,4.3829885242926e-08,1.1591418937842135e-09,2.2712505853707713e-09,0.0012400150299072266
10.0,8,10.0,0.01,8,153,True,3.4414481798950246e-08,4.929086112342165e-08,1.7563120890562256e-10,4.852274172604524e-10,0.0020058155059814453
10.0,8,100.0,0.01,9,183,True,1.2843035457699248e-09,8.215902704943277e-08,1.9163188379091834e-11,6.546699603197785e-10,0.0014116764068603516
10.0,8,1000.0,0.01,9,203,True,5.699952312926368e-10,3.8542366002919983e-07,1.652221458107319e-12,9.470585100894694e-09,0.0011484622955322266
10.0,8,10000.0,0.01,10,249,True,4.586128087648338e-11,1.8087198701621148e-07,3.146441741018185e-14,5.174366009740939e-09,0.002452850341796875
10.0,8,0.0001,0.0001,500,7500,False,16.674371763876632,8.600343818676388e-07,0.3267643846520917,0.3089399550608295,0.0666053295135498
10.0,8,0.001,0.0001,500,7062,False,0.05270990682103266,2.6972232254340948e-08,0.0006802013159776273,0.0013601156589360631,0.06399226188659668
10.0,8,0.01,0.0001,151,2114,True,9.647124773530354e-07,4.3462329501903225e-12,1.1544988549517751e-08,2.5036691524900807e-08,0.018030166625976562
10.0,8,0.1,0.0001,22,400,True,6.897585601379953e-07,6.109787205548393e-11,8.407676695890968e-09,1.7890850157462922e-08,0.002998828887939453
10.0,8,1.0,0.0001,7,192,True,3.326667633257846e-07,1.1892910707203582e-09,4.338255244572641e-09,8.585032643078882e-09,0.0020067691802978516
10.0,8,10.0,0.0001,4,117,True,1.7455653667841932e-07,7.591163230318969e-08,2.3497941566097907e-09,3.552325014858191e-09,0.000993490219116211
10.0,8,100.0,0.0001,4,149,True,1.0195553640929533e-07,1.4699909662760624e-07,1.3184161328908453e-09,3.78789823868715e-09,0.0010013580322265625
10.0,8,1000.0,0.0001,4,171,True,2.0904831976696043e-07,4.770933899931815e-07,6.055707419951002e-10,8.016878459757945e-09,0.0009982585906982422
10.0,8,10000.0,0.0001,5,200,True,4.290155267711239e-11,4.6656339495943294e-07,3.1305963509555037e-13,5.701020131252247e-09,0.001999378204345703
10.0,8,0.0001,1e-06,500,10979,False,16.674371774114572,1.3269317208151577e-08,0.32676437532462493,0.30893995524726775,0.09210896492004395
10.0,8,0.001,1e-06,500,10538,False,0.05270989268025704,2.1753388684012018e-10,0.0006802010610121721,0.0013601153233260682,0.08714008331298828
10.0,8,0.01,1e-06,151,3054,True,9.647132915291464e-07,6.725528205096521e-14,1.1544938523357697e-08,2.503671493060038e-08,0.02575850486755371
10.0,8,0.1,1e-06,22,589,True,6.898491752185742e-07,7.619696878470003e-13,8.408224267298991e-09,1.7893262557891178e-08,0.0042035579681396484
10.0,8,1.0,1e-06,7,268,True,3.3183964572567427e-07,1.906456692512049e-11,4.3260844004654965e-09,8.563105407120112e-09,0.0026116371154785156
10.0,8,10.0,1e-06,4,186,True,9.541808921098916e-08,3.5698579887597645e-10,1.3831262159169696e-09,2.4293952796271913e-09,0.0009989738464355469
10.0,8,100.0,1e-06,3,158,True,2.206623711911276e-08,1.2912733351429288e-08,3.480163764755472e-10,5.009700200068793e-10,0.0020003318786621094
10.0,8,1000.0,1e-06,3,183,True,1.0696156883281585e-09,2.5114051755505603e-08,5.4510405442776195e-12,4.031965527569913e-10,0.0009999275207519531
10.0,8,10000.0,1e-06,4,288,True,1.2017581344446787e-11,2.9013607576331555e-09,1.4260851056413358e-14,7.644946902230007e-11,0.002000093460083008
10.0,9,0.0001,0.01,500,3999,False,22.123467759343654,0.00016820321947288473,0.27280432698459367,0.20757265828855753,0.041983604431152344
10.0,9,0.001,0.01,500,3935,False,0.020512685381728374,8.081987537289832e-07,7.314983803316031e-05,0.00039944234726769893,0.04261326789855957
10.0,9,0.01,0.01,145,1107,True,9.233333856539747e-07,3.275880180179614e-10,1.328306748475909e-09,1.976758848676397e-08,0.011546134948730469
10.0,9,0.1,0.01,21,201,True,6.513593050671327e-07,6.400083731497482e-09,1.2800704183517625e-09,1.3848390380823672e-08,0.002000570297241211
10.0,9,1.0,0.01,8,129,True,1.9785780955441458e-07,9.299535418168397e-08,4.884827025534937e-10,2.742672654914779e-09,0.0009996891021728516
10.0,9,10.0,0.01,8,150,True,1.1205778788681482e-07,1.9044815105026053e-07,1.1358232330080038e-10,2.3688316413993723e-09,0.0016224384307861328
10.0,9,100.0,0.01,8,164,True,3.783234599091219e-08,8.000837117200396e-07,2.408381080049375e-10,6.9365220908958725e-09,0.0
10.0,9,1000.0,0.01,10,215,True,4.716991484236624e-10,1.6071860723895101e-07,4.583153181358893e-13,2.5900238255469017e-09,0.0038928985595703125
10.0,9,10000.0,0.01,11,243,True,3.1928099714123855e-11,1.3788043148215253e-07,1.0721166282958831e-13,9.698486382213415e-10,0.0020058155059814453
10.0,9,0.0001,0.0001,500,7499,False,22.123508174842016,1.3197304632039114e-06,0.2728052423288263,0.20757296835646194,0.06645727157592773
10.0,9,0.001,0.0001,500,7499,False,0.020515604242319983,6.100015356610659e-09,7.315193633465284e-05,0.00039951782626492156,0.06659197807312012
10.0,9,0.01,0.0001,145,2030,True,9.206666176648634e-07,4.673780406739671e-12,1.324646042115062e-09,1.9710453242019145e-08,0.016992568969726562
10.0,9,0.1,0.0001,21,392,True,6.15403696429236e-07,7.089273647435778e-11,1.2199180838288912e-09,1.3057866928674473e-08,0.0039997100830078125
10.0,9,1.0,0.0001,7,188,True,1.353211087937126e-07,6.552409469589755e-10,5.031325074179694e-10,2.6614529172775194e-09,0.0009999275207519531
10.0,9,10.0,0.0001,4,115,True,7.063499997510786e-08,1.0034230643408914e-07,3.480788517557273e-10,1.7844913974032455e-09,0.0010001659393310547
10.0,9,100.0,0.0001,4,147,True,2.83502259157514e-08,2.103450993901113e-07,1.6866934296879173e-14,3.6586171479020953e-09,0.0010037422180175781
10.0,9,1000.0,0.0001,4,169,True,5.572700412504502e-08,2.6769453823620036e-07,8.176895874319014e-11,3.364910787493219e-09,0.0009965896606445312
10.0,9,10000.0,0.0001,6,279,True,5.765682846274789e-12,3.4486024013634325e-09,1.279560532866696e-14,6.576336641061197e-11,0.003000497817993164
10.0,9,0.0001,1e-06,500,10848,False,22.123508389191695,2.222576214159235e-08,0.27280524080410756,0.20757298173780703,0.09166884422302246
10.0,9,0.001,1e-06,500,10500,False,0.020515671587738708,1.0380815618120026e-10,7.315206618872092e-05,0.00039951934266649705,0.0869286060333252
10.0,9,0.01,1e-06,145,3042,True,9.206651100293898e-07,3.844947742478574e-14,1.3246472053519102e-09,1.9710418116088383e-08,0.02500629425048828
10.0,9,0.1,1e-06,21,572,True,6.150244848533592e-07,4.720279530392371e-13,1.2191705102812042e-09,1.3049711135561801e-08,0.004999399185180664
10.0,9,1.0,1e-06,7,260,True,1.3160078998159243e-07,7.096307555147273e-12,4.939413853358262e-10,2.5775798729035203e-09,0.0019943714141845703
10.0,9,10.0,1e-06,4,183,True,4.6926742285251756e-08,3.9555959726113127e-10,2.9286271279760123e-10,8.228338094627353e-10,0.0020062923431396484
10.0,9,100.0,1e-06,3,154,True,1.781347837395567e-08,1.9401779906746665e-08,8.484882217123867e-11,3.85372226190604e-10,0.0009927749633789062
10.0,9,1000.0,1e-06,3,172,True,1.1697266372547176e-09,7.160556172944637e-08,2.2140274674754043e-12,5.910617769908965e-10,0.001010894775390625
10.0,9,10000.0,1e-06,4,283,True,1.3156251289070457e-11,2.775530438247223e-09,8.026334251618366e-14,5.813221025874812e-11,0.0019958019256591797
10.0,10,0.0001,0.01,500,4000,False,27.773114487607057,0.00020313672759177627,1.2662429052650808,0.1766061927372932,0.04222464561462402
10.0,10,0.001,0.01,500,4000,False,0.01667227959093883,6.767046088526691e-07,0.00012296132257194918,0.0002597657999340916,0.04190421104431152
10.0,10,0.01,0.01,143,1141,True,9.305068709561593e-07,3.312191094044948e-10,3.444722304038933e-09,1.5300065798627465e-08,0.012215137481689453
10.0,10,0.1,0.01,21,203,True,5.699238848574681e-07,5.370988267587617e-09,2.5849857690191567e-09,9.311013983278237e-09,0.002004384994506836
10.0,10,1.0,0.01,8,136,True,1.9437225280027202e-07,9.184098331171551e-08,2.9421352465344006e-10,3.2348959496713397e-09,0.0010068416595458984
10.0,10,10.0,0.01,8,164,True,1.2652450487368344e-08,2.2276707430676457e-08,8.189701311303193e-11,1.7392651781077016e-10,0.0009937286376953125
10.0,10,100.0,0.01,9,187,True,7.069849069866497e-10,6.765704672828683e-07,6.802460326223486e-12,7.971768257648999e-09,0.0020058155059814453
10.0,10,1000.0,0.01,9,218,True,1.783534279411812e-10,4.220330961124111e-07,1.2774819875748944e-12,3.92320224894794e-09,0.002668619155883789
10.0,10,10000.0,0.01,10,246,True,2.0893879914175157e-11,1.4185723887803537e-07,2.810294573574881e-13,7.849031445727657e-10,0.0010099411010742188
10.0,10,0.0001,0.0001,500,7500,False,27.773097327256583,1.3186914249694004e-06,1.266241735114652,0.1766065115427968,0.07006359100341797
10.0,10,0.001,0.0001,500,7266,False,0.016673091352953504,6.101779912538145e-09,0.00012296667395477205,0.0002597846080843661,0.08283567428588867
10.0,10,0.01,0.0001,143,2002,True,9.304531226834637e-07,4.549244547056366e-12,3.4435879619322936e-09,1.5299335073697016e-08,0.024573564529418945
10.0,10,0.1,0.0001,21,393,True,5.221543378109038e-07,4.4769792662081644e-11,2.3079736236096163e-09,8.533362893130405e-09,0.0034012794494628906
10.0,10,1.0,0.0001,7,194,True,1.0830211969597478e-07,5.671857544389433e-10,9.717161350018013e-10,1.6840571699730702e-09,0.00099945068359375
10.0,10,10.0,0.0001,4,116,True,1.2914770359779164e-07,2.089326650943022e-07,2.095221060462807e-09,2.1481073980208144e-09,0.0013136863708496094
10.0,10,100.0,0.0001,4,155,True,3.83157358914735e-08,3.405242515385232e-07,1.3449014241590438e-10,4.015560385034749e-09,0.001402139663696289
10.0,10,1000.0,0.0001,4,181,True,1.8881403756485196e-08,1.524482583085874e-07,1.3830683746508986e-11,1.684143413852804e-09,0.001013040542602539
10.0,10,10000.0,0.0001,5,209,True,3.700813629932913e-11,7.808147264166748e-07,6.051666780854464e-14,6.825715571650743e-09,0.0018744468688964844
10.0,10,0.0001,1e-06,500,10981,False,27.77309715969402,1.3698324085159331e-08,1.2662417300603268,0.17660651007511569,0.08928966522216797
10.0,10,0.001,1e-06,500,10635,False,0.016673090128458,9.019235432552574e-11,0.00012296653595438657,0.00025978463216767996,0.08911991119384766
10.0,10,0.01,1e-06,143,3003,True,9.30426794045554e-07,4.727164849473613e-14,3.4434832321738487e-09,1.5298899591954194e-08,0.025257110595703125
10.0,10,0.1,1e-06,21,578,True,5.219283298025665e-07,6.198640814792234e-13,2.307167563700952e-09,8.529575936977294e-09,0.004001140594482422
10.0,10,1.0,1e-06,7,267,True,1.0761243858128603e-07,8.135539151099705e-12,9.602301267181029e-10,1.6747316014772482e-09,0.0019948482513427734
10.0,10,10.0,1e-06,4,194,True,3.7975825389592535e-08,4.974948065167451e-10,8.62749104483013e-10,5.079350903320229e-10,0.0020020008087158203
10.0,10,100.0,1e-06,3,162,True,3.164426650368209e-08,1.3653878402893541e-08,2.0720382027194377e-10,4.713219928613317e-10,0.0009984970092773438
10.0,10,1000.0,1e-06,3,174,True,2.095477114835837e-09,1.2456154678341944e-07,9.070591875869762e-12,5.837166436115221e-10,0.001003265380859375
10.0,10,10000.0,1e-06,3,189,True,3.747489106500233e-10,3.474006146017904e-07,3.5597064598615164e-12,2.2174031271658835e-09,0.000990152359008789
10.0,11,0.0001,0.01,500,4000,False,17.786766572176948,0.00011839120278964223,0.4492913969332062,0.184351764876232,0.04231524467468262
10.0,11,0.001,0.01,500,4000,False,0.02364855986983707,8.700388385483198e-07,0.0001614448414760449,0.000535975389716381,0.04391837120056152
10.0,11,0.01,0.01,145,1148,True,9.662765762428826e-07,3.453224857228343e-10,4.524662030990024e-09,2.2635379686222487e-08,0.009869575500488281
10.0,11,0.1,0.01,21,205,True,7.380594567499252e-07,7.3033940321988515e-09,3.815276788315617e-09,1.7241728011145437e-08,0.004369020462036133
10.0,11,1.0,0.01,8,133,True,8.900271483444223e-08,6.250601683243473e-08,2.096147311807282e-11,1.8699705970225167e-09,0.000988006591796875
10.0,11,10.0,0.01,8,165,True,3.481399494561138e-08,4.239444233148832e-08,1.681898213429155e-11,6.020111000046327e-10,0.0020017623901367188
10.0,11,100.0,0.01,8,158,True,3.6093063816979736e-08,9.133264295538801e-07,3.189670732785942e-10,8.983460533048194e-09,0.0011146068572998047
10.0,11,1000.0,0.01,10,218,True,9.064631925470332e-10,1.612345090674844e-07,2.1386268869592113e-12,2.6341819951437532e-09,0.0019855499267578125
10.0,11,10000.0,0.01,10,248,True,2.2842606947485593e-11,1.7782593501162147e-07,1.2664998002856446e-13,4.638598182659497e-09,0.0022096633911132812
10.0,11,0.0001,0.0001,500,7500,False,17.78673854008527,1.1115293298341147e-06,0.4492919082116038,0.18435108158494487,0.06568312644958496
10.0,11,0.001,0.0001,500,7440,False,0.02365009046326097,7.500021001962457e-09,0.00016144864751977927,0.0005360165384762184,0.06711339950561523
10.0,11,0.01,0.0001,145,2030,True,9.660232555863604e-07,6.226840283356868e-12,4.52462214300699e-09,2.262937112009995e-08,0.01909017562866211
10.0,11,0.1,0.0001,21,394,True,7.110828258594506e-07,6.911492643788691e-11,3.723918208326934e-09,1.6599797093067157e-08,0.0033652782440185547
10.0,11,1.0,0.0001,7,194,True,1.4928855839331617e-07,7.82158137827724e-10,1.0522078087214772e-09,3.385789230090723e-09,0.000993967056274414
10.0,11,10.0,0.0001,4,118,True,9.36203493112806e-08,4.1600047341938996e-08,3.998635085647398e-10,1.2784542643070668e-09,0.0014500617980957031
10.0,11,100.0,0.0001,4,147,True,3.3896560753292176e-08,9.387444910840616e-08,1.2987121635334792e-10,1.3014312754365095e-09,0.001111745834350586
10.0,11,1000.0,0.0001,4,178,True,2.9466353141496345e-08,2.211016251211282e-07,4.134085211085421e-11,4.521723463409616e-09,0.001008749008178711
10.0,11,10000.0,0.0001,6,293,True,5.8788442892542615e-12,2.300945069127638e-09,2.7493412034670578e-14,4.940295570168118e-11,0.001947164535522461
10.0,11,0.0001,1e-06,500,11000,False,17.786738619102994,1.1181899187705724e-08,0.4492919106604285,0.18435108074080928,0.09337353706359863
10.0,11,0.001,1e-06,500,10662,False,0.02365010135690277,1.1368537080656209e-10,0.00016144865000432737,0.0005360168056444736,0.09112429618835449
10.0,11,0.01,1e-06,145,3044,True,9.660114098087847e-07,4.881671596364202e-14,4.5246000581350276e-09,2.2629092150615524e-08,0.025504112243652344
10.0,11,0.1,1e-06,21,577,True,7.109327650054593e-07,5.355495990796772e-13,3.7233020854703538e-09,1.6596330015625377e-08,0.0039064884185791016
10.0,11,1.0,1e-06,7,267,True,1.5055931423139873e-07,8.734380577834024e-12,1.0552084216824743e-09,3.4177519346084724e-09,0.0009992122650146484
10.0,11,10.0,1e-06,4,193,True,4.649182875638617e-08,2.686292605583906e-10,4.96636262521726e-10,9.979826227701615e-10,0.000682830810546875
10.0,11,100.0,1e-06,3,160,True,1.5758509487485727e-08,5.205929993140969e-09,1.2981037027753348e-10,1.6113384081232803e-10,0.0022432804107666016
10.0,11,1000.0,1e-06,3,179,True,9.385343856357748e-10,4.213371611291532e-08,6.183764149437382e-12,7.930467164598952e-10,0.0009999275207519531
10.0,11,10000.0,1e-06,3,184,True,1.2585158233695529e-10,6.15339854729409e-07,1.1876252575632291e-12,9.094078969711745e-09,0.0012295246124267578
10.0,12,0.0001,0.01,500,3999,False,25.7212742895548,0.00013244109554491978,0.4733864277012936,0.3222876804240841,0.04275012016296387
10.0,12,0.001,0.01,500,3999,False,0.027993066132122803,1.129260141825561e-06,0.0002622157561035829,0.0005524429997555114,0.04325222969055176
10.0,12,0.01,0.01,138,966,True,8.933317319131797e-07,6.542185694695013e-10,6.658169744315969e-09,1.7818869746790284e-08,0.01171112060546875
10.0,12,0.1,0.01,21,203,True,4.574935410059652e-07,5.070610849306141e-09,3.608587828286635e-09,9.119335920436481e-09,0.0022733211517333984
10.0,12,1.0,0.01,7,120,True,8.900507450311449e-07,3.8009729708223235e-07,7.84170666239682e-10,1.1794528459961477e-08,0.001428842544555664
10.0,12,10.0,0.01,8,166,True,2.686645008657608e-08,5.1378386974662796e-08,1.2664192490590418e-10,4.686737577178185e-10,0.0010097026824951172
10.0,12,100.0,0.01,9,181,True,5.035430345996615e-10,2.0644063351806458e-07,3.577734225934746e-12,1.4218246760792116e-09,0.0014123916625976562
10.0,12,1000.0,0.01,10,222,True,1.3319855125671386e-10,1.6695502968008527e-07,8.76767944236762e-13,4.295817456117802e-09,0.002213001251220703
10.0,12,10000.0,0.01,10,239,True,3.2352510334743694e-11,3.247624195957216e-07,1.789355563075583e-13,1.7216427426295665e-09,0.0013508796691894531
10.0,12,0.0001,0.0001,500,7499,False,25.72122058194882,1.2824147277981934e-06,0.47338522320064164,0.3222884970656268,0.06930208206176758
10.0,12,0.001,0.0001,500,7499,False,0.027997547621982314,1.153655872853432e-08,0.00026224549716703094,0.0005525316256001448,0.06911516189575195
10.0,12,0.01,0.0001,138,1932,True,8.926314382364534e-07,6.063044742612806e-12,6.650287299286381e-09,1.780486266625314e-08,0.01800251007080078
10.0,12,0.1,0.0001,21,403,True,4.6235156463821997e-07,4.255106761592799e-11,3.6244782500236224e-09,9.214960204939561e-09,0.003991603851318359
10.0,12,1.0,0.0001,7,192,True,1.700636570287768e-07,9.851195400299802e-10,1.7667004329732943e-09,3.3343988469640098e-09,0.0009996891021728516
10.0,12,10.0,0.0001,4,117,True,1.0123006364996785e-07,1.0347747429817311e-07,2.974247604573311e-10,2.339533118923966e-09,0.0010027885437011719
10.0,12,100.0,0.0001,4,159,True,2.7029350469389878e-08,3.163619233632466e-08,6.781380795661807e-11,5.513767199951052e-10,0.0009958744049072266
10.0,12,1000.0,0.0001,4,181,True,8.099093455141282e-08,2.8636757384633957e-07,8.567310695311811e-10,5.0204199903352105e-09,0.002002716064453125
10.0,12,10000.0,0.0001,5,206,True,1.3400552485260927e-11,5.916394851563946e-07,4.0378542278684677e-14,5.464826028692913e-09,0.001009225845336914
10.0,12,0.0001,1e-06,500,10837,False,25.72122053743283,2.3038789760925872e-08,0.47338522291952007,0.3222884978976682,0.09449553489685059
10.0,12,0.001,1e-06,500,10526,False,0.027997553123767817,1.6631080468941e-10,0.00026224552323805546,0.0005525317377908541,0.09114408493041992
10.0,12,0.01,1e-06,138,2889,True,8.926390107564701e-07,4.603541478510531e-14,6.650353565684394e-09,1.7805014867307012e-08,0.023999691009521484
10.0,12,0.1,1e-06,21,583,True,4.624544130434909e-07,4.93548951004838e-13,3.6247008204562634e-09,9.21700518817523e-09,0.0050106048583984375
10.0,12,1.0,1e-06,7,271,True,1.718006778574458e-07,1.0059287990479663e-11,1.7738869994153866e-09,3.3709045833812787e-09,0.0029914379119873047
10.0,12,10.0,1e-06,4,193,True,6.799626759861433e-08,4.431008421743828e-10,1.011645137967085e-09,1.2531517098846132e-09,0.0010077953338623047
10.0,12,100.0,1e-06,3,158,True,1.7895380269377783e-08,1.068376670056498e-08,2.7157598073086343e-10,2.1715989432508811e-10,0.000997781753540039
10.0,12,1000.0,1e-06,3,187,True,1.459963738043957e-09,3.4594479029591264e-08,2.117431219089896e-12,6.166775607475937e-10,0.0019927024841308594
10.0,12,10000.0,1e-06,4,288,True,1.254473043027715e-11,2.9111201736472084e-09,3.256334054732635e-15,6.640649938064166e-11,0.00200653076171875
10.0,13,0.0001,0.01,500,4000,False,18.75826632444371,0.0001242177362549549,0.24520307385225648,0.265966824254339,0.04399919509887695
10.0,13,0.001,0.01,500,3881,False,0.0390917228099331,1.3478618005190713e-06,0.00024028537883618125,0.000914251638568991,0.044011592864990234
10.0,13,0.01,0.01,148,1043,True,9.161551573344929e-07,6.016660071270637e-10,4.341260514829677e-09,2.2553281279890014e-08,0.012003183364868164
10.0,13,0.1,0.01,22,197,True,4.6338595735003723e-07,5.961258298978804e-09,2.561426348307917e-09,1.1151756770121103e-08,0.0029914379119873047
10.0,13,1.0,0.01,7,112,True,9.163498963903248e-07,8.469982992149294e-07,5.06400339998212e-09,2.2565287905959914e-08,0.00099945068359375
10.0,13,10.0,0.01,8,161,True,2.2359097966977378e-08,4.266672085438707e-08,4.876781500994928e-11,5.856419054654676e-10,0.002006053924560547
10.0,13,100.0,0.01,8,171,True,4.0191227635367085e-08,3.9354821681119706e-07,3.661474117653214e-11,4.4574227318289725e-09,0.000993967056274414
10.0,13,1000.0,0.01,9,207,True,3.586161302412809e-10,7.465351029086971e-08,1.878507394173712e-12,7.23919940466882e-10,0.001993894577026367
10.0,13,10000.0,0.01,10,260,True,7.910021814809266e-12,2.147171014795217e-08,3.155471692652816e-14,1.7445981253836795e-10,0.0020055770874023438
10.0,13,0.0001,0.0001,500,7500,False,18.758257526045096,1.24051131193312e-06,0.24520292572632346,0.2659668880646123,0.0690004825592041
10.0,13,0.001,0.0001,500,7132,False,0.03909143842089554,2.3955118298167128e-08,0.0002402825727227875,0.000914246059164281,0.06699156761169434
10.0,13,0.01,0.0001,148,2072,True,9.153855689186069e-07,4.9052815754618996e-12,4.333573059527017e-09,2.253403798809459e-08,0.019011259078979492
10.0,13,0.1,0.0001,22,415,True,4.627281267182786e-07,4.747459015878158e-11,2.4878338614930667e-09,1.1175128488499685e-08,0.0039882659912109375
10.0,13,1.0,0.0001,7,194,True,2.4389494448928147e-07,1.2837408730534842e-09,1.5321227517063277e-09,5.718135486723895e-09,0.0019998550415039062
10.0,13,10.0,0.0001,4,116,True,1.3072204952548255e-07,6.376138225946921e-08,7.279213648080522e-10,2.856631414855707e-09,0.0010082721710205078
10.0,13,100.0,0.0001,4,154,True,1.789644087682577e-08,7.319121511231434e-08,1.1234994353125023e-10,1.833729864397287e-09,0.0009989738464355469
10.0,13,1000.0,0.0001,4,182,True,1.316925103923291e-07,3.291991778462209e-07,1.1543422928512236e-09,5.343314313188886e-09,0.001994609832763672
10.0,13,10000.0,0.0001,5,217,True,1.1225511732054325e-11,7.76321005423403e-07,3.794079059023029e-14,2.0512538240757993e-08,0.001008749008178711
10.0,13,0.0001,1e-06,500,10999,False,18.7582579177556,9.499081619440057e-09,0.24520292829797002,0.26596689804349,0.09500002861022949
10.0,13,0.001,1e-06,500,10567,False,0.039091459325797134,1.9353621830576487e-10,0.00024028262535029534,0.000914246550570313,0.09298872947692871
10.0,13,0.01,1e-06,148,3107,True,9.153809746035991e-07,4.4323142802742576e-14,4.333551271746282e-09,2.2533927002180248e-08,0.02552342414855957
10.0,13,0.1,1e-06,22,593,True,4.626944952314189e-07,5.074973784949934e-13,2.487752219923876e-09,1.117445244870386e-08,0.0047681331634521484
10.0,13,1.0,1e-06,7,266,True,2.4322475358259213e-07,1.2735486057029767e-11,1.5263359672299683e-09,5.701122080207612e-09,0.002435445785522461
10.0,13,10.0,1e-06,4,197,True,7.440640539366573e-08,3.3532873758187964e-10,5.709589367478322e-10,1.7016789817101894e-09,0.001210927963256836
10.0,13,100.0,1e-06,3,160,True,1.3531434594360263e-08,7.172803490673134e-09,1.1974551770233992e-10,2.333481147100787e-10,0.0009918212890625
10.0,13,1000.0,1e-06,3,180,True,6.240652947617541e-10,3.758043078906637e-08,2.7572812171513893e-12,6.040175950670877e-10,0.0014238357543945312
10.0,13,10000.0,1e-06,3,189,True,2.8091753384639916e-10,4.2490745075839166e-07,9.354971831670314e-13,3.212823950252413e-09,0.0011467933654785156
10.0,14,0.0001,0.01,500,4000,False,20.163291965331208,0.00014413257390915246,0.5894522589897888,0.2185232079462907,0.04276585578918457
10.0,14,0.001,0.01,500,3626,False,0.010096410210257494,6.355521255085579e-07,7.416586230022246e-05,0.00021396571405548178,0.039655447006225586
10.0,14,0.01,0.01,129,908,True,9.510754462007781e-07,6.08889133354744e-10,4.243765143643736e-09,2.082538011040043e-08,0.01000833511352539
10.0,14,0.1,0.01,19,168,True,9.260297148198324e-07,1.2662645483587486e-08,4.853774400147172e-09,2.0177049455427108e-08,0.0029854774475097656
10.0,14,1.0,0.01,8,124,True,7.402175997766578e-08,4.9917631839819266e-08,3.408211838389952e-10,1.1447162534676102e-09,0.0010118484497070312
10.0,14,10.0,0.01,8,149,True,7.497710011329828e-08,1.1600989350106475e-07,3.176500852633131e-10,1.2827039842021748e-09,0.0009942054748535156
10.0,14,100.0,0.01,9,169,True,4.69523457316284e-10,4.962241799438452e-07,2.8007895643865853e-12,1.0295991503390268e-08,0.0019943714141845703
10.0,14,1000.0,0.01,10,203,True,4.5320094528569304e-11,9.160992526066868e-08,4.646777076999272e-13,2.568024870646799e-09,0.0010046958923339844
10.0,14,10000.0,0.01,10,250,True,1.8131820639624194e-11,7.738572493844515e-08,2.3953029456436725e-13,1.4372349643214181e-09,0.0019936561584472656
10.0,14,0.0001,0.0001,500,7500,False,20.163315529720983,1.126911617106645e-06,0.5894518677605437,0.21852413562430262,0.0686028003692627
10.0,14,0.001,0.0001,500,7107,False,0.010096893387923913,5.836346442808672e-09,7.41634146485671e-05,0.00021397552446752506,0.0672597885131836
10.0,14,0.01,0.0001,129,1806,True,9.497123922153427e-07,4.507856205885609e-12,4.227495615402892e-09,2.0795395513740966e-08,0.015363216400146484
10.0,14,0.1,0.0001,19,341,True,8.517048075668355e-07,1.2556545259794586e-10,4.561319250832899e-09,1.853842617516045e-08,0.002763509750366211
10.0,14,1.0,0.0001,6,163,True,9.343421915366257e-07,7.517648382014055e-09,1.0767549459589528e-08,1.902949677703881e-08,0.0009980201721191406
10.0,14,10.0,0.0001,4,116,True,6.050517624781683e-08,5.6640263952684e-08,8.090719311984866e-10,1.1690472771816278e-09,0.0003993511199951172
10.0,14,100.0,0.0001,4,153,True,1.4329175251854571e-08,3.2155858570523695e-08,7.278208212561652e-11,6.830600261376065e-10,0.0012481212615966797
10.0,14,1000.0,0.0001,4,164,True,5.4575267363538276e-08,3.434027855310648e-07,6.821075985734376e-10,5.636626411548034e-09,0.0009908676147460938
10.0,14,10000.0,0.0001,6,272,True,3.3963068573582577e-12,2.169925699590321e-09,2.3233885384996364e-14,5.011148960322286e-11,0.002244710922241211
10.0,14,0.0001,1e-06,500,11000,False,20.16331582823793,9.273273118747737e-09,0.5894518728094313,0.21852414365681327,0.0916280746459961
10.0,14,0.001,1e-06,500,10528,False,0.01009691913642929,4.8268510464110425e-11,7.416354797704817e-05,0.00021397610319461908,0.08925557136535645
10.0,14,0.01,1e-06,129,2591,True,9.497126185181505e-07,7.06251952203028e-14,4.227466019858414e-09,2.0795399392616027e-08,0.021930456161499023
10.0,14,0.1,1e-06,19,506,True,8.524481469887772e-07,9.64325039234897e-13,4.561489356065182e-09,1.8555158129337217e-08,0.004502058029174805
10.0,14,1.0,1e-06,6,218,True,9.314070716440897e-07,1.0186811708829626e-10,1.0750132896554738e-08,1.900136087195496e-08,0.001999378204345703
10.0,14,10.0,1e-06,4,180,True,2.9885038159876904e-08,2.4075275267345376e-10,5.605307614189716e-10,5.523000693983598e-10,0.0017528533935546875
10.0,14,100.0,1e-06,3,153,True,1.596364445749856e-08,2.1434664223422723e-08,1.6425499526184172e-10,3.0990717355010965e-10,0.001007080078125
10.0,14,1000.0,1e-06,3,168,True,2.193312492040275e-09,1.660462461554973e-07,9.135065864408034e-12,1.9805565365702093e-09,0.0009922981262207031
10.0,14,10000.0,1e-06,3,175,True,3.339277422669507e-10,5.536727312301775e-07,3.743974673467986e-12,9.248923592575278e-09,0.00200653076171875
10.0,15,0.0001,0.01,500,3999,False,27.09140304507289,0.00015261929144921112,0.6002213457744295,0.2843965277649473,0.04242968559265137
10.0,15,0.001,0.01,500,3866,False,0.04483553107650118,1.6116828427205288e-06,0.00023205188697705782,0.0010722955856585503,0.040195465087890625
10.0,15,0.01,0.01,163,1141,True,9.55910255502379e-07,5.514832356691219e-10,4.235253809352978e-09,2.2972129162900268e-08,0.01280069351196289
10.0,15,0.1,0.01,23,208,True,6.958577101546761e-07,8.462733985095273e-09,3.0805152241469486e-09,1.6721488079928915e-08,0.002127408981323242
10.0,15,1.0,0.01,7,114,True,7.001819457903035e-07,6.205909187510244e-07,3.761329689098924e-10,1.3131102451633487e-08,0.0009987354278564453
10.0,15,10.0,0.01,8,165,True,6.153464365373023e-08,6.273584106943766e-08,1.644710709461632e-10,8.464751437879081e-10,0.0006651878356933594
10.0,15,100.0,0.01,8,170,True,5.427847827450131e-09,2.0787109627128604e-07,1.6257886257752256e-11,2.280225723916396e-09,0.0021619796752929688
10.0,15,1000.0,0.01,9,200,True,5.062445445784304e-10,2.832537847665827e-07,7.647266982070947e-13,1.898177856046197e-09,0.001323699951171875
10.0,15,10000.0,0.01,10,246,True,1.2909156453316085e-11,9.991343623351712e-08,4.066922611547702e-14,1.5698874188720453e-09,0.002102375030517578
10.0,15,0.0001,0.0001,500,7091,False,27.091333986490465,2.344066492733809e-06,0.6002199576451004,0.2843958206805553,0.05986762046813965
10.0,15,0.001,0.0001,500,7311,False,0.044831254031238645,2.7363999743904597e-08,0.00023202499489011718,0.00107220364112666,0.0602872371673584
10.0,15,0.01,0.0001,163,2282,True,9.569298509084724e-07,5.4562208220045335e-12,4.239282241446951e-09,2.2996713223666354e-08,0.01987767219543457
10.0,15,0.1,0.0001,23,425,True,6.777981555678949e-07,8.655681557208863e-11,3.0352676235897126e-09,1.6281938030698896e-08,0.0030858516693115234
10.0,15,1.0,0.0001,7,198,True,3.2218052989392845e-07,1.3230929711116927e-09,1.8609985503369514e-09,7.704664379670813e-09,0.0022656917572021484
10.0,15,10.0,0.0001,4,117,True,9.782172916011315e-08,6.828456786728406e-08,7.394119205406618e-10,2.2821642252500625e-09,0.00099945068359375
10.0,15,100.0,0.0001,4,160,True,1.1987481949695197e-07,3.954212110864942e-08,6.192930009410133e-10,2.6786064057850897e-09,0.0010046958923339844
10.0,15,1000.0,0.0001,4,186,True,1.9253278499696003e-08,9.895406527329127e-08,3.5559609907584744e-11,1.4522032739013985e-09,0.000995635986328125
10.0,15,10000.0,0.0001,6,301,True,1.0170194579331743e-11,2.6013630607740402e-09,7.80703894181032e-15,5.711254503393836e-11,0.002888917922973633
10.0,15,0.0001,1e-06,500,10500,False,27.091333930408528,2.1879269551271187e-08,0.6002199551517222,0.2843958206573345,0.0841817855834961
10.0,15,0.001,1e-06,500,10500,False,0.04483125436409917,2.457887353567574e-10,0.00023202506167116518,0.0010722036216831497,0.08510375022888184
10.0,15,0.01,1e-06,163,3423,True,9.569298437947622e-07,4.9148784576544056e-14,4.2393472395851184e-09,2.299671210771468e-08,0.028007030487060547
10.0,15,0.1,1e-06,23,618,True,6.779676504155678e-07,7.851138836733637e-13,3.0362558494725098e-09,1.628600946996248e-08,0.003999471664428711
10.0,15,1.0,1e-06,7,262,True,3.2414352188824724e-07,1.3337190970819349e-11,1.869862989157764e-09,7.752504561651226e-09,0.001993894577026367
10.0,15,10.0,1e-06,4,201,True,6.982034396044573e-08,5.409417437288312e-10,9.084762537702868e-10,1.5517216161611254e-09,0.002006053924560547
10.0,15,100.0,1e-06,3,158,True,1.0336504942812272e-08,1.3422570370746615e-08,1.6193668823479737e-10,1.7672688386414877e-10,0.0009992122650146484
10.0,15,1000.0,1e-06,3,174,True,1.251583366783743e-09,1.2746395448873838e-07,1.3687736414490236e-12,1.8400205203997692e-09,0.0010058879852294922
10.0,15,10000.0,1e-06,4,289,True,5.426793602548239e-12,2.3241148245894467e-09,6.899243716018423e-15,5.717683864202533e-11,0.0019943714141845703
10.0,16,0.0001,0.01,500,3999,False,22.965472309273274,0.00011258876189467983,0.4152338168642806,0.26239766536957254,0.03854513168334961
10.0,16,0.001,0.01,500,3787,False,0.028600716675405344,1.076232149828209e-06,0.00018086992432684941,0.0006095487259182991,0.03900790214538574
10.0,16,0.01,0.01,145,1015,True,9.197693730011383e-07,5.754216967156562e-10,4.183073247484227e-09,2.020334527712503e-08,0.009783267974853516
10.0,16,0.1,0.01,21,203,True,7.527081790780822e-07,6.288888606338681e-09,3.7225572947338646e-09,1.642084013615759e-08,0.0021200180053710938
10.0,16,1.0,0.01,8,130,True,5.599586950384417e-08,8.709803101814969e-08,4.646608287939193e-10,2.496597734879128e-09,0.0013740062713623047
10.0,16,10.0,0.01,8,156,True,5.1105999118822335e-08,1.277291531847025e-07,2.2045021407701714e-10,1.0635152964151407e-09,0.0010035037994384766
10.0,16,100.0,0.01,8,164,True,3.81585688044974e-08,3.8643126051308234e-07,1.204549212765079e-10,2.6282003728063834e-09,0.0020024776458740234
10.0,16,1000.0,0.01,9,204,True,2.958263812895702e-10,1.8617955510720223e-07,2.0180001262766904e-12,2.0387059795630912e-09,0.0010001659393310547
10.0,16,10000.0,0.01,10,257,True,1.0479986315637445e-11,5.0272472357285485e-08,3.924592466410126e-14,6.734669461950874e-10,0.0020132064819335938
10.0,16,0.0001,0.0001,500,7499,False,22.96555228060561,1.3149733114235937e-06,0.4152347409173023,0.2623984609654361,0.06437134742736816
10.0,16,0.001,0.0001,500,7084,False,0.028601819710739988,1.7297517016860064e-08,0.0001808637593363054,0.0006095737542901922,0.061348676681518555
10.0,16,0.01,0.0001,145,2030,True,9.206163984889756e-07,6.405410396479983e-12,4.189006186845444e-09,2.02213277853237e-08,0.017012596130371094
10.0,16,0.1,0.0001,21,396,True,7.477542598009758e-07,8.562896105252466e-11,3.760760670399228e-09,1.630957528889633e-08,0.003993511199951172
10.0,16,1.0,0.0001,7,194,True,1.7910004910220395e-07,7.629130398159517e-10,1.2399977777185359e-09,3.813470061614408e-09,0.00128173828125
10.0,16,10.0,0.0001,4,114,True,1.301466617671198e-07,1.0946357156863212e-07,8.004084482977358e-10,2.5686268818444368e-09,0.000997304916381836
10.0,16,100.0,0.0001,4,153,True,3.041423483428584e-08,5.380314663611494e-08,2.5766737763549834e-10,8.020654225308415e-10,0.00099945068359375
10.0,16,1000.0,0.0001,4,183,True,1.1188581340125679e-07,1.7235867582623712e-07,2.8644571789302037e-10,3.707426557836754e-09,0.000522613525390625
10.0,16,10000.0,0.0001,5,210,True,9.036571643426853e-12,6.560572749575272e-07,3.8771175575422614e-14,1.1076234941689975e-08,0.002306699752807617
10.0,16,0.0001,1e-06,500,10893,False,22.965553352580326,1.181445797095179e-08,0.41523474993869003,0.2623984710134103,0.08652377128601074
10.0,16,0.001,1e-06,500,10522,False,0.02860181365720059,1.5836336068602122e-10,0.0001808637035944324,0.0006095735859206794,0.08319544792175293
10.0,16,0.01,1e-06,145,3044,True,9.206168574409444e-07,4.233648849779168e-14,4.189065213982136e-09,2.0221313112542475e-08,0.02490401268005371
10.0,16,0.1,1e-06,21,582,True,7.47777107053116e-07,4.96856995843321e-13,3.759434379695156e-09,1.6310384417626966e-08,0.003997325897216797
10.0,16,1.0,1e-06,7,263,True,1.7944470034236807e-07,7.809409349783957e-12,1.240651981962735e-09,3.819852820965124e-09,0.0019960403442382812
10.0,16,10.0,1e-06,4,196,True,5.8623437928677816e-08,2.0917947193194684e-10,6.57361483888581e-10,1.1659217328768108e-09,0.0018198490142822266
10.0,16,100.0,1e-06,3,159,True,1.0389821700146765e-08,7.476178220204021e-09,1.2086320549277152e-10,1.6063675787724242e-10,0.0010068416595458984
10.0,16,1000.0,1e-06,3,174,True,1.4529308201408809e-09,7.839907925896493e-08,1.3091997368794748e-12,5.477826994719875e-10,0.0010006427764892578
10.0,16,10000.0,1e-06,3,186,True,1.9964915673205345e-10,9.55899927877059e-07,6.135340722690346e-13,1.849715045112484e-08,0.0016512870788574219
10.0,17,0.0001,0.01,500,4000,False,29.32224266630829,0.0001746382271217007,0.6871173449405139,0.2822582689540144,0.0421295166015625
10.0,17,0.001,0.01,500,4000,False,0.06411087046197239,2.1515335586838788e-06,0.000598447187308619,0.0011523007988863054,0.04054737091064453
10.0,17,0.01,0.01,159,1113,True,9.357955716452614e-07,5.666070132463633e-10,6.846263192121833e-09,1.733590976196286e-08,0.012337446212768555
10.0,17,0.1,0.01,23,206,True,5.651950181483874e-07,6.3039867291768345e-09,4.578687252357638e-09,1.0378156256635414e-08,0.002110004425048828
10.0,17,1.0,0.01,8,133,True,1.2781842035587624e-07,7.391374267188145e-08,1.9765259839668628e-09,2.0120678361893083e-09,0.00099945068359375
10.0,17,10.0,0.01,8,164,True,2.5208910863006988e-08,6.300941511862452e-08,2.4234265412423695e-10,3.42508136318519e-10,0.0005490779876708984
10.0,17,100.0,0.01,8,172,True,8.081368435952546e-09,3.0028148560871136e-07,2.355734813826114e-11,1.320256290429439e-09,0.0021088123321533203
10.0,17,1000.0,0.01,9,201,True,1.4803698859972299e-10,3.041364379154759e-07,5.219113597486852e-13,2.6407265456767637e-09,0.0015552043914794922
10.0,17,10000.0,0.01,10,235,True,1.279763797079605e-10,3.8816882076188684e-07,4.5425322147908856e-14,7.091233220017126e-09,0.002137899398803711
10.0,17,0.0001,0.0001,500,7500,False,29.32229356136897,1.8321966286902874e-06,0.6871180533034376,0.2822587445205175,0.06327939033508301
10.0,17,0.001,0.0001,500,7190,False,0.06411170118502585,3.418106925310208e-08,0.0005984489186655022,0.0011523225002325122,0.06168818473815918
10.0,17,0.01,0.0001,159,2226,True,9.346755510110931e-07,3.784118722780116e-12,6.840014811101733e-09,1.7314822765875623e-08,0.01900005340576172
10.0,17,0.1,0.0001,23,417,True,5.675790522389682e-07,6.516263171049972e-11,4.47663990594563e-09,1.0425656685352216e-08,0.0039980411529541016
10.0,17,1.0,0.0001,7,194,True,4.2279161811367133e-07,1.912383736106572e-09,4.08725500418366e-09,7.610963461436341e-09,0.0009999275207519531
10.0,17,10.0,0.0001,4,117,True,1.5776586573571288e-07,1.3372059673371932e-07,1.5396665022141702e-09,2.6707345587270852e-09,0.0009999275207519531
10.0,17,100.0,0.0001,4,153,True,3.408451987743587e-08,1.103047851075924e-07,1.4365182315333456e-10,1.540289581613858e-09,0.001003265380859375
10.0,17,1000.0,0.0001,4,174,True,4.4310091531660264e-08,3.0397015576418293e-07,3.556633178964796e-10,3.980888470407312e-09,0.0019974708557128906
10.0,17,10000.0,0.0001,6,292,True,4.233750078820643e-12,2.9829036658575053e-09,2.2712661073954428e-14,4.675235010215169e-11,0.001999378204345703
10.0,17,0.0001,1e-06,500,10997,False,29.322293903074385,1.5094006507671743e-08,0.6871180683231124,0.2822587500669162,0.08772754669189453
10.0,17,0.001,1e-06,500,10581,False,0.06411173141254344,2.66651071102854e-10,0.0005984489471225471,0.001152323104656253,0.08226156234741211
10.0,17,0.01,1e-06,159,3202,True,9.34673094644734e-07,6.417823746692511e-14,6.840053198697915e-09,1.731477005761196e-08,0.02595829963684082
10.0,17,0.1,1e-06,23,619,True,5.674915539160544e-07,7.190327512751687e-13,4.477042175963947e-09,1.042390476960073e-08,0.004918575286865234
10.0,17,1.0,1e-06,7,269,True,4.2144223569068634e-07,1.932345237616461e-11,4.077374676719855e-09,7.588725436862592e-09,0.001988649368286133
10.0,17,10.0,1e-06,4,197,True,1.0836952121542256e-07,5.228339541209469e-10,1.497114491640434e-09,1.8711204451348952e-09,0.001010894775390625
10.0,17,100.0,1e-06,3,159,True,1.2963589197758284e-08,1.0094186389395315e-08,1.3429340704927822e-10,1.7123770109991642e-10,0.0019948482513427734
10.0,17,1000.0,1e-06,3,173,True,2.794057473368716e-09,2.0208485695410067e-07,1.5934531226553252e-11,1.1372699747629583e-09,0.0006272792816162109
10.0,17,10000.0,1e-06,3,183,True,3.5694242089156684e-10,6.029756819061617e-07,1.7904614652242667e-12,4.451505942462322e-09,0.0011899471282958984
10.0,18,0.0001,0.01,500,4000,False,22.428904571030102,0.00014324447667218152,0.6891898960164466,0.27844216743987693,0.04162454605102539
10.0,18,0.001,0.01,500,3603,False,0.12350847992144696,6.729184158984275e-06,0.0017092656660735296,0.0029146879197918985,0.03731799125671387
10.0,18,0.01,0.01,182,1274,True,9.923643123129092e-07,5.479921423889966e-10,1.2875485238095315e-08,2.3486798521867738e-08,0.01395726203918457
10.0,18,0.1,0.01,25,246,True,8.051122164762451e-07,6.8985199709377605e-09,1.0451382681519397e-08,1.9056138601857282e-08,0.0019936561584472656
10.0,18,1.0,0.01,8,137,True,1.680953358994782e-07,1.1811780526423962e-07,1.8389035203195255e-09,3.934936404358697e-09,0.001294851303100586
10.0,18,10.0,0.01,8,168,True,8.049927739441074e-08,1.4628977476987414e-07,6.338849929746367e-10,1.5209921005542457e-09,0.0010023117065429688
10.0,18,100.0,0.01,9,192,True,1.1278243998191263e-09,2.9156472933248886e-07,1.8365004780092657e-11,1.669746132946033e-09,0.0019981861114501953
10.0,18,1000.0,0.01,9,203,True,4.2408494785849223e-10,7.292473328592403e-07,2.0286459477455628e-12,1.3333146230774242e-08,0.0015125274658203125
10.0,18,10000.0,0.01,10,265,True,1.6713735743718112e-11,1.2053192704987564e-07,1.1079864823200711e-14,2.6068953450156933e-09,0.001993894577026367
10.0,18,0.0001,0.0001,500,7500,False,22.4289485110971,1.281158601287043e-06,0.6891902664184141,0.2784430005350816,0.06337428092956543
10.0,18,0.001,0.0001,500,7102,False,0.12351484105437874,6.570239421097357e-08,0.0017093632594317213,0.002914847575871742,0.06100583076477051
10.0,18,0.01,0.0001,182,2549,True,9.932646745299026e-07,4.68262453881e-12,1.288567510633481e-08,2.3508106176020446e-08,0.0242464542388916
10.0,18,0.1,0.0001,25,478,True,8.138100801391441e-07,8.891557750189848e-11,1.0591936435569747e-08,1.926063415748882e-08,0.005095481872558594
10.0,18,1.0,0.0001,8,229,True,9.587372920468236e-08,4.4101993275183343e-10,1.2960460586493567e-09,2.2670474892517826e-09,0.002024412155151367
10.0,18,10.0,0.0001,4,118,True,2.1823993223135947e-07,1.9748405448075034e-07,3.435413868586989e-09,5.543185284126827e-09,0.00099945068359375
10.0,18,100.0,0.0001,4,158,True,3.085255820399219e-08,6.297144172911406e-08,6.568221168575869e-10,4.692628803366523e-10,0.0020036697387695312
10.0,18,1000.0,0.0001,4,193,True,9.340906433757644e-08,9.819027234228971e-08,1.0314488374916002e-09,1.12225099670145e-09,0.0009980201721191406
10.0,18,10000.0,0.0001,5,218,True,1.939955467676985e-11,6.985596353227563e-07,2.004682519174454e-13,3.4794844643428327e-09,0.002000570297241211
10.0,18,0.0001,1e-06,500,11000,False,22.42894861289607,1.0779166016349402e-08,0.6891902731577135,0.278442999069308,0.10311484336853027
10.0,18,0.001,1e-06,500,10604,False,0.12351483822379691,5.542703977924971e-10,0.0017093634916692953,0.002914847549209872,0.09229302406311035
10.0,18,0.01,1e-06,182,3822,True,9.932588896142225e-07,5.1411358343751006e-14,1.2885627179477668e-08,2.350796925773317e-08,0.03276562690734863
10.0,18,0.1,1e-06,25,697,True,8.137658959018948e-07,7.508490621259154e-13,1.0590885909781742e-08,1.925959178136168e-08,0.005494594573974609
10.0,18,1.0,1e-06,7,273,True,9.99301095429921e-07,5.2161130548200287e-11,1.382608017923162e-08,2.3609826338089292e-08,0.0017368793487548828
10.0,18,10.0,1e-06,4,203,True,1.67781480573824e-07,9.541731361527494e-10,2.8336321397593888e-09,3.905276804075008e-09,0.0
10.0,18,100.0,1e-06,3,164,True,2.1911543793911787e-08,9.65042359722002e-09,2.762094348350206e-10,4.1395241585771346e-10,0.0037190914154052734
10.0,18,1000.0,1e-06,3,182,True,1.3788008061522458e-09,7.950394448302855e-08,1.4366461935291991e-11,1.5223289009768884e-09,0.0011386871337890625
10.0,18,10000.0,1e-06,3,193,True,2.3150815635293608e-10,9.169650469415082e-07,9.237515207249895e-13,4.9300967173322425e-09,0.0019996166229248047
10.0,19,0.0001,0.01,500,4000,False,24.54292408424753,0.00014618096308600424,0.2777634224314437,0.22665029710375123,0.043744802474975586
10.0,19,0.001,0.01,500,4000,False,0.016153023077630637,5.463693488837322e-07,3.411037896742264e-05,0.0003398337336957088,0.04403567314147949
10.0,19,0.01,0.01,152,1181,True,9.188651201839663e-07,3.240540538281573e-10,7.267059795984432e-10,1.9788663606101295e-08,0.011950016021728516
10.0,19,0.1,0.01,21,201,True,9.95054950085593e-07,9.287559844217746e-09,8.534185691744745e-10,2.142803128922501e-08,0.0020055770874023438
10.0,19,1.0,0.01,8,135,True,1.826109665126285e-07,1.4414498052075396e-07,2.9011006476048564e-10,3.839857417237547e-09,0.0009942054748535156
10.0,19,10.0,0.01,8,158,True,7.42076002949193e-08,1.2317407003809523e-07,2.5001660389394925e-10,1.1809017088505143e-09,0.002114534378051758
10.0,19,100.0,0.01,8,175,True,3.417476776665961e-09,6.181316177067107e-07,2.4703989896867604e-13,3.305628189277574e-09,0.0010371208190917969
10.0,19,1000.0,0.01,10,253,True,2.2450623970790507e-11,1.048372235501855e-08,3.5959228379719946e-15,1.5194099220326808e-10,0.0029900074005126953
10.0,19,10000.0,0.01,10,260,True,5.0882595711252944e-11,9.137953988376219e-08,2.806617775037142e-13,6.204427380476591e-10,0.0013191699981689453
10.0,19,0.0001,0.0001,500,7500,False,24.542970349657313,1.5128828036371752e-06,0.27776406209031684,0.22665067293801733,0.0669708251953125
10.0,19,0.001,0.0001,500,7497,False,0.016152602478814802,5.812563613108355e-09,3.411203049423345e-05,0.0003398247233120783,0.06324338912963867
10.0,19,0.01,0.0001,152,2250,True,9.194267409084807e-07,3.419414932624547e-12,7.278741151323583e-10,1.980074068509521e-08,0.019254207611083984
10.0,19,0.1,0.0001,21,410,True,9.348996444957208e-07,8.796799069229586e-11,8.057693552407915e-10,2.0128106414501278e-08,0.002765655517578125
10.0,19,1.0,0.0001,7,195,True,1.2627472316531064e-07,9.446933822492525e-10,3.2824051134977305e-10,2.6502134147837035e-09,0.002006053924560547
10.0,19,10.0,0.0001,4,119,True,1.0794699146952926e-07,6.191895484581105e-08,4.673185805848807e-10,2.0402441971928473e-09,0.0004603862762451172
10.0,19,100.0,0.0001,4,157,True,4.609067386615865e-08,1.3026271739452996e-07,2.559171536787775e-10,1.9313860377274627e-09,0.0
10.0,19,1000.0,0.0001,4,189,True,1.4851916229851886e-07,3.12535597230923e-07,1.1181155280544445e-09,6.309369765023451e-09,0.0
10.0,19,10000.0,0.0001,6,305,True,3.267690849432023e-12,2.6338708694605997e-09,6.65245725024819e-15,4.349081612505792e-11,0.004657745361328125
10.0,19,0.0001,1e-06,500,10999,False,24.54296945742392,1.0438961388818774e-08,0.27776405335184745,0.22665066285036028,0.08830809593200684
10.0,19,0.001,1e-06,500,10789,False,0.016152601320775214,9.834975902499521e-11,3.411202398884944e-05,0.00033982469771866796,0.08355140686035156
10.0,19,0.01,1e-06,152,3192,True,9.194664298093493e-07,5.392533350252797e-14,7.279003653690755e-10,1.9801595660969836e-08,0.024309873580932617
10.0,19,0.1,1e-06,21,591,True,9.346728789756607e-07,7.109383355740789e-13,8.059685693660151e-10,2.0123177607463758e-08,0.003539562225341797
10.0,19,1.0,1e-06,7,270,True,1.1700604362268014e-07,5.094549708375922e-12,3.204179408080488e-10,2.444593001777154e-09,0.0007104873657226562
10.0,19,10.0,1e-06,4,205,True,3.8743698850238374e-08,3.356012026510383e-10,3.070776064675984e-10,6.094277386284483e-10,0.0
10.0,19,100.0,1e-06,3,163,True,2.7311479642112727e-08,2.028250432895292e-08,1.1864999118487257e-10,7.141496591561292e-10,0.003728628158569336
10.0,19,1000.0,1e-06,3,177,True,6.671052377733702e-09,1.6245969884143586e-07,8.213087761928037e-13,7.616755144425718e-10,0.0010859966278076172
10.0,19,10000.0,1e-06,3,189,True,3.570587613212562e-10,5.626104138036768e-07,6.611104137611513e-13,3.641469326783074e-09,0.0009927749633789062
100.0,0,0.0001,0.01,500,11994,False,31.072819948669196,0.00024445447345246204,0.12694406953291668,0.5640842449867589,0.0944669246673584
100.0,0,0.001,0.01,500,11079,False,1.4128770436615519,0.00010244877203993263,0.004919998534969713,0.051553101934621134,0.08728384971618652
100.0,0,0.01,0.01,386,7830,True,9.991982103408829e-07,6.515241877546358e-10,1.9654925574559376e-09,4.1209976095510464e-08,0.06166410446166992
100.0,0,0.1,0.01,46,760,True,7.868556611092912e-07,7.66428273613339e-09,1.589589072637028e-09,3.243136812477661e-08,0.006288766860961914
100.0,0,1.0,0.01,10,189,True,6.707738917888335e-07,2.2210367731904267e-07,1.788909080364458e-09,2.7212136406545572e-08,0.0012035369873046875
100.0,0,10.0,0.01,8,246,True,3.23754486832875e-08,1.1509265333067917e-07,3.919551115510271e-11,1.1303753882208874e-09,0.0024230480194091797
100.0,0,100.0,0.01,8,294,True,1.7200947904138498e-08,9.853070609606225e-07,8.774786856498937e-13,8.86719812302428e-09,0.0023050308227539062
100.0,0,1000.0,0.01,10,446,True,3.2009808555282916e-10,5.2678136137492685e-08,2.150898228956718e-14,4.3047005882424457e-10,0.0024785995483398438
100.0,0,10000.0,0.01,10,476,True,1.3772675490859093e-10,8.8376275643606e-07,2.8312844034226185e-14,1.2708886138850258e-08,0.0035974979400634766
100.0,0,0.0001,0.0001,500,21449,False,31.072605767414686,2.5327600135552706e-06,0.12694361350482136,0.5640843502326126,0.15454816818237305
100.0,0,0.001,0.0001,500,20111,False,1.4128349709274997,9.09262842868917e-07,0.0049200458151331524,0.051549479417765505,0.14883852005004883
100.0,0,0.01,0.0001,386,14361,True,9.977209146449314e-07,6.696607738950321e-12,1.962771012758074e-09,4.114894456319571e-08,0.10653376579284668
100.0,0,0.1,0.0001,46,1593,True,7.829411020677606e-07,7.196315437268225e-11,1.5823561286436333e-09,3.227064509848196e-08,0.012836456298828125
100.0,0,1.0,0.0001,10,386,True,5.73718304494595e-07,2.141179721716723e-09,1.3620688138132754e-09,2.3431997065986404e-08,0.0029990673065185547
100.0,0,10.0,0.0001,5,274,True,8.723130386748257e-08,2.2878283522532715e-08,2.4909837712782203e-10,3.4826547545954664e-09,0.0021543502807617188
100.0,0,100.0,0.0001,4,290,True,7.744920834108153e-08,2.7661485376624704e-07,4.045795672785363e-11,3.1924013586368445e-09,0.001999378204345703
100.0,0,1000.0,0.0001,4,353,True,5.413284877410142e-08,3.206957006772196e-07,8.943786003059822e-13,4.231915640660964e-09,0.0017375946044921875
100.0,0,10000.0,0.0001,5,417,True,3.5626498330282645e-11,8.231929917016227e-07,1.62414764227344e-14,1.0649845224866879e-08,0.0027201175689697266
100.0,0,0.0001,1e-06,500,29456,False,31.07260653166874,2.2277840925871754e-08,0.12694361517591718,0.5640843663260566,0.2102956771850586
100.0,0,0.001,1e-06,500,28362,False,1.4128359512172697,8.676644350669441e-09,0.004920047025046767,0.051549527375738195,0.20144200325012207
100.0,0,0.01,1e-06,386,20549,True,9.977342665497356e-07,1.7758078880706534e-13,1.9627964723697638e-09,4.114949491865327e-08,0.14795947074890137
100.0,0,0.1,1e-06,46,2318,True,7.829232185640547e-07,7.4403824815563e-13,1.5822593382233302e-09,3.226991241890298e-08,0.017795562744140625
100.0,0,1.0,1e-06,10,607,True,5.731031580673378e-07,1.3155911896644923e-11,1.361080498025011e-09,2.3403061967586902e-08,0.003880739212036133
100.0,0,10.0,1e-06,5,418,True,6.203164907657958e-08,1.845569288495e-10,1.8484775483771811e-10,2.458462016945898e-09,0.0036237239837646484
100.0,0,100.0,1e-06,3,298,True,1.6906288362497575e-07,6.972921099397198e-08,6.103748760721816e-10,6.470725879814739e-09,0.00238800048828125
100.0,0,1000.0,1e-06,3,358,True,3.2720391613138294e-09,1.2912745694990322e-07,4.546077042487806e-12,1.7914763936963485e-09,0.0025899410247802734
100.0,0,10000.0,1e-06,4,628,True,8.660983738186765e-12,2.635785403290896e-09,8.1207382113672e-15,4.035997670557871e-11,0.00428462028503418
100.0,0,0.0001,1e-12,500,51938,False,31.072606575298238,2.0570796904610772e-13,0.12694361525950504,0.5640843665174509,0.3759791851043701
100.0,0,0.001,1e-12,500,51081,False,1.4128359488206266,1.9046926803478862e-13,0.0049200470146276406,0.051549527206305186,0.3588573932647705
100.0,0,0.01,1e-12,386,37214,True,9.97734169342672e-07,1.5599301195896415e-13,1.9627964723697638e-09,4.114949079525043e-08,0.25809597969055176
100.0,0,0.1,1e-12,46,4163,True,7.829229540355798e-07,1.648464459545517e-13,1.582259118743919e-09,3.226990076492622e-08,0.028913021087646484
100.0,0,1.0,1e-12,10,1127,True,5.730970060938182e-07,3.269852640109552e-13,1.3610717188485662e-09,2.3402787053231898e-08,0.008219242095947266
100.0,0,10.0,1e-12,5,917,True,6.20401612967214e-08,3.879552992835628e-12,1.850461642253688e-10,2.458414064603158e-09,0.005992889404296875
100.0,0,100.0,1e-12,3,723,True,1.4491901839137826e-07,5.87442667188175e-11,5.413227027050485e-10,5.370855203235315e-09,0.004011869430541992
100.0,0,1000.0,1e-12,2,582,True,7.506848100066058e-07,3.1062614833039363e-10,3.4045666005776195e-09,2.5327608643041385e-08,0.004793882369995117
100.0,0,10000.0,1e-12,2,651,True,7.50431762769422e-09,4.943024044647177e-09,3.402589310562857e-11,2.6525159267263756e-10,0.0036776065826416016
100.0,1,0.0001,0.01,500,12992,False,22.551257630055648,0.00015629599241066765,0.10632915820574813,0.4295274723254013,0.10314774513244629
100.0,1,0.001,0.01,500,11736,False,0.6078259051460061,4.493779830519959e-05,0.0017654381304309458,0.024717121132227085,0.09617185592651367
100.0,1,0.01,0.01,358,7552,True,9.763102263108983e-07,6.542954104167856e-10,3.8726196683295865e-10,6.378776591905843e-08,0.0637824535369873
100.0,1,0.1,0.01,41,772,True,9.443587330783271e-07,8.75398994845372e-09,7.533800273645351e-10,5.806311875147059e-08,0.006775856018066406
100.0,1,1.0,0.01,10,195,True,3.391356139620822e-07,9.993013370663766e-08,2.6699091379104795e-10,2.1853328932530037e-08,0.0016064643859863281
100.0,1,10.0,0.01,8,248,True,7.3217223303412456e-09,9.103743965012361e-08,4.928040734063913e-12,1.6595667502579992e-09,0.002507448196411133
100.0,1,100.0,0.01,8,306,True,1.373344664809358e-08,6.413314575226108e-07,4.619145858259629e-12,8.154672877933841e-09,0.002117633819580078
100.0,1,1000.0,0.01,10,445,True,2.390092028979452e-10,1.2624759266720527e-07,2.0017934657321424e-13,2.112618679074048e-09,0.003786802291870117
100.0,1,10000.0,0.01,10,491,True,1.2381199505638407e-10,6.790205712533685e-07,2.306672856872625e-13,6.357467291349255e-09,0.003533601760864258
100.0,1,0.0001,0.0001,500,21259,False,22.551014006080035,1.6545979390896377e-06,0.10632830355379361,0.42952425181489773,0.15915942192077637
100.0,1,0.001,0.0001,500,20146,False,0.6078170867506159,4.754312058235419e-07,0.0017653031541358824,0.02471786615167614,0.15146279335021973
100.0,1,0.01,0.0001,357,13766,True,9.750587955476622e-07,6.282469606025868e-12,4.040547236969764e-10,6.359549155533745e-08,0.10500383377075195
100.0,1,0.1,0.0001,42,1528,True,7.357973941206793e-07,6.751007375260676e-11,5.11586726003804e-10,4.614237273919793e-08,0.012010574340820312
100.0,1,1.0,0.0001,9,357,True,7.099224164083788e-07,2.394066696175234e-09,1.1593992153920357e-09,3.463879291347843e-08,0.002989053726196289
100.0,1,10.0,0.0001,5,286,True,1.8680191155356117e-08,7.747872829387577e-09,5.7865513551846687e-11,8.367569697153674e-10,0.0019986629486083984
100.0,1,100.0,0.0001,4,288,True,1.1925732166775932e-07,2.1252803828387217e-07,2.88053023182612e-11,4.941758801717962e-09,0.002000570297241211
100.0,1,1000.0,0.0001,4,359,True,5.809447544860247e-08,2.718091326939378e-07,9.819763640168555e-11,2.9171806153154714e-09,0.0019991397857666016
100.0,1,10000.0,0.0001,6,585,True,8.579914800110285e-12,1.9119539811944014e-09,7.436082710743471e-15,3.3728390329089804e-11,0.003999948501586914
100.0,1,0.0001,1e-06,500,29499,False,22.551011805066807,1.8736418603911907e-08,0.10632829330114452,0.42952430241113126,0.21771502494812012
100.0,1,0.001,1e-06,500,28520,False,0.6078176639341647,3.544079864284804e-09,0.0017653061809564667,0.024717875243520402,0.23729610443115234
100.0,1,0.01,1e-06,357,19398,True,9.755140155637558e-07,1.1360278097869231e-13,4.0407584217187493e-10,6.362626007286071e-08,0.15752768516540527
100.0,1,0.1,1e-06,42,2188,True,7.369710763494729e-07,6.845336721123565e-13,5.117294987918503e-10,4.6223622780613967e-08,0.01679062843322754
100.0,1,1.0,1e-06,9,552,True,7.090473229561966e-07,2.165504311866082e-11,1.159264473573317e-09,3.4492040938698696e-08,0.004000425338745117
100.0,1,10.0,1e-06,5,434,True,1.9115750749234997e-08,6.839359587401622e-11,4.426045662427043e-11,8.664723428432294e-10,0.0030760765075683594
100.0,1,100.0,1e-06,3,317,True,8.77898074716123e-08,2.7889007755870535e-08,2.3101603796639635e-10,3.521896345158398e-09,0.0026688575744628906
100.0,1,1000.0,1e-06,3,360,True,2.7823821705470017e-09,2.419230822574886e-07,2.803998068567148e-12,2.8701338028961494e-09,0.0032682418823242188
100.0,1,10000.0,1e-06,4,636,True,1.0773815640339058e-11,3.3256595054895495e-09,1.1302845720330075e-14,6.37627194785959e-11,0.004949092864990234
100.0,1,0.0001,1e-12,500,51991,False,22.55101178488564,1.499274395271358e-13,0.10632829323292768,0.4295243021719738,0.3842005729675293
100.0,1,0.001,1e-12,500,51028,False,0.6078176603188564,1.5909046578992724e-13,0.0017653061708563331,0.024717875093502522,0.3579099178314209
100.0,1,0.01,1e-12,357,35243,True,9.755152119457055e-07,1.317531184427464e-13,4.0407599089352917e-10,6.362633999324913e-08,0.2519338130950928
100.0,1,0.1,1e-12,42,3936,True,7.369436296499452e-07,1.641008781283537e-13,5.117284577402708e-10,4.6221698667747735e-08,0.027961254119873047
100.0,1,1.0,1e-12,9,1026,True,7.089859671680687e-07,3.229404627201976e-13,1.1592460320881945e-09,3.44877685401466e-08,0.007385730743408203
100.0,1,10.0,1e-12,5,922,True,1.9203668492650354e-08,2.7601363846538015e-12,4.444100471248728e-11,8.695760665009861e-10,0.006446123123168945
100.0,1,100.0,1e-12,3,720,True,6.05487488222581e-08,3.189245687940179e-11,1.9756556350038792e-10,2.4374705944313747e-09,0.004579305648803711
100.0,1,1000.0,1e-12,2,578,True,3.8937121966170333e-07,3.5493317068922094e-10,1.6932793173626486e-09,1.3637863463468115e-08,0.003992319107055664
100.0,1,10000.0,1e-12,2,655,True,3.8951019176274535e-09,2.7900570374169518e-09,1.6949955652522884e-11,1.6703173392464542e-10,0.00560760498046875
100.0,2,0.0001,0.01,500,11990,False,24.56958792969469,0.00023894434783598207,0.05831210235538436,0.41232007639963486,0.0948948860168457
100.0,2,0.001,0.01,500,11405,False,0.3279363915696827,2.409212891792205e-05,0.00040430493374155236,0.01488712373571498,0.09010863304138184
100.0,2,0.01,0.01,445,9380,True,9.742317711875283e-07,5.831119104410797e-10,1.2071385612017333e-10,8.626014507702485e-08,0.07383108139038086
100.0,2,0.1,0.01,51,964,True,8.099020145104502e-07,6.601270613304801e-09,1.0169722227441109e-10,7.171117347917716e-08,0.007290840148925781
100.0,2,1.0,0.01,10,195,True,6.483708887178911e-07,1.522471216752515e-07,1.3493494969654351e-10,5.808863157941587e-08,0.0019936561584472656
100.0,2,10.0,0.01,8,235,True,1.0874709745976786e-07,3.9019958525187003e-07,7.539387211585822e-11,1.0444201451706395e-08,0.0010063648223876953
100.0,2,100.0,0.01,9,320,True,5.195128392508982e-10,5.470601133519215e-07,2.594608575069082e-13,7.728475416621722e-09,0.0029883384704589844
100.0,2,1000.0,0.01,10,446,True,1.2982946567998194e-10,5.0529570584073824e-08,2.357135925825471e-14,1.0547457004315041e-09,0.0031528472900390625
100.0,2,10000.0,0.01,10,481,True,1.7061558808056368e-10,6.596216957952183e-07,1.583150994957406e-13,8.868664797834809e-09,0.003749847412109375
100.0,2,0.0001,0.0001,500,20824,False,24.56994020413134,2.719549586351785e-06,0.058312389170648786,0.4123324259731535,0.15662932395935059
100.0,2,0.001,0.0001,500,20529,False,0.32800093204537484,2.508647456834458e-07,0.00040438167237976714,0.014891361678096541,0.1580348014831543
100.0,2,0.01,0.0001,444,17206,True,9.992717266757767e-07,5.48098268813572e-12,1.2375807957781032e-10,8.847722097933199e-08,0.1331310272216797
100.0,2,0.1,0.0001,50,1818,True,9.992344980733237e-07,4.984351242960118e-11,1.2380451867366242e-10,8.84739236660254e-08,0.01466989517211914
100.0,2,1.0,0.0001,10,410,True,4.458113323073567e-07,8.504457675243509e-10,6.544464764088145e-11,3.946496999657863e-08,0.0030121803283691406
100.0,2,10.0,0.0001,5,280,True,5.525046199334351e-08,7.0942812935820546e-09,6.681249010052465e-12,4.875671310753428e-09,0.0021431446075439453
100.0,2,100.0,0.0001,4,277,True,3.319932238105379e-07,5.866799868493879e-07,8.358157725044572e-11,9.73579583568961e-09,0.0019905567169189453
100.0,2,1000.0,0.0001,4,339,True,1.5304919230241894e-07,5.010317815456569e-07,7.121558482883341e-11,8.840296262845646e-09,0.0030057430267333984
100.0,2,10000.0,0.0001,6,598,True,1.1986214334204247e-11,4.859174667916681e-09,8.795283305318921e-15,1.0362696563988571e-10,0.004229068756103516
100.0,2,0.0001,1e-06,500,29243,False,24.569937795717756,2.6966522287297673e-08,0.058312382015975536,0.41233241576193846,0.21558737754821777
100.0,2,0.001,1e-06,500,28839,False,0.32800040530374003,2.5795967578751394e-09,0.00040438060469869035,0.014891405007665975,0.2072770595550537
100.0,2,0.01,1e-06,444,24244,True,9.993569604605196e-07,1.9243403161682307e-13,1.2376933754044114e-10,8.848476836372401e-08,0.1754744052886963
100.0,2,0.1,1e-06,51,2635,True,7.702021463621711e-07,4.2270932132416106e-13,9.541088148476745e-11,6.819500908297088e-08,0.01999950408935547
100.0,2,1.0,1e-06,10,613,True,4.6874959202507717e-07,8.946886340220434e-12,6.818596154148326e-11,4.149710615447214e-08,0.0040090084075927734
100.0,2,10.0,1e-06,4,350,True,6.587686404555922e-07,2.701443338031969e-09,6.424117143564806e-10,4.867803454593622e-08,0.0029897689819335938
100.0,2,100.0,1e-06,3,313,True,1.0884444770479242e-07,5.239276954293283e-08,8.768967817669407e-11,6.816922126776227e-09,0.002007722854614258
100.0,2,1000.0,1e-06,3,355,True,9.965521395980714e-09,3.376341848396786e-07,3.0188930417176667e-12,5.00069878681179e-09,0.0029916763305664062
100.0,2,10000.0,1e-06,4,617,True,2.1380975131842252e-11,3.877050844631046e-09,1.3544736290191139e-14,8.461990656361265e-11,0.00400853157043457
100.0,2,0.0001,1e-12,500,51977,False,24.569937832024152,2.0961335595530678e-13,0.05831238210965902,0.41233241516374797,0.3602910041809082
100.0,2,0.001,1e-12,500,51142,False,0.32800038947412985,1.6535530870419313e-13,0.00040438058759327154,0.014891404567962162,0.35420751571655273
100.0,2,0.01,1e-12,444,42940,True,9.993573534477125e-07,1.7776942414225218e-13,1.2376916163477504e-10,8.848480206460606e-08,0.2909057140350342
100.0,2,0.1,1e-12,51,4781,True,7.701784286785334e-07,1.7886295924086315e-13,9.540824289977585e-11,6.819291036824598e-08,0.03294706344604492
100.0,2,1.0,1e-12,10,1174,True,4.685591404792258e-07,4.363402339279567e-13,6.816080703123004e-11,4.148024441826276e-08,0.008163213729858398
100.0,2,10.0,1e-12,4,753,True,6.605322777069397e-07,3.2562195896460274e-12,6.435060235053283e-10,4.879746525249843e-08,0.005643606185913086
100.0,2,100.0,1e-12,3,733,True,3.592049917716281e-08,6.6571617702931e-11,5.7596440441879276e-11,1.9261845719623693e-09,0.004149913787841797
100.0,2,1000.0,1e-12,2,580,True,2.7326424604009393e-07,3.4761465731380957e-10,6.639689537378172e-10,9.555689397059556e-09,0.003991365432739258
100.0,2,10000.0,1e-12,2,634,True,2.7222509988981906e-09,5.3143542504363726e-09,6.58678766735334e-12,1.5859266093426726e-10,0.003352642059326172
100.0,3,0.0001,0.01,500,12180,False,29.9452723260345,0.0003210214478970677,0.14676850334461997,0.33392645566530066,0.09908413887023926
100.0,3,0.001,0.01,500,11257,False,0.6332527139950261,3.4364107063907814e-05,0.001050944557775876,0.02839567560393674,0.09483003616333008
100.0,3,0.01,0.01,367,7752,True,9.844861698104436e-07,7.158235517040976e-10,1.1639199894070153e-09,4.756488626574669e-08,0.06318140029907227
100.0,3,0.1,0.01,44,865,True,7.222247422991484e-07,4.6789014308243976e-09,8.753192049261138e-10,3.4878877076271976e-08,0.006952524185180664
100.0,3,1.0,0.01,10,197,True,6.228183909523454e-07,2.029515265965127e-07,5.896044269547725e-10,3.0651120325772894e-08,0.0014417171478271484
100.0,3,10.0,0.01,8,239,True,3.24507911678769e-08,1.2387090294924436e-07,5.9258336677286685e-12,1.2439603959421839e-09,0.0022373199462890625
100.0,3,100.0,0.01,8,296,True,2.4480621233715373e-08,7.433843883131219e-07,3.4918088383229473e-12,1.1206405226314584e-08,0.002599477767944336
100.0,3,1000.0,0.01,10,450,True,8.44538456918598e-11,3.0105352876998846e-08,1.802585725875102e-14,6.057933118899918e-10,0.003509521484375
100.0,3,10000.0,0.01,10,492,True,2.6633474846420586e-11,1.6740203146430705e-07,3.8188112414835493e-14,2.320969634568873e-09,0.0025196075439453125
100.0,3,0.0001,0.0001,500,21088,False,29.945451813508935,2.289017602210774e-06,0.14676871628753552,0.3339249118743817,0.161118745803833
100.0,3,0.001,0.0001,500,19659,False,0.6331070944833537,4.6120140700938036e-07,0.0010507254816096454,0.028389082098533424,0.1443464756011963
100.0,3,0.01,0.0001,367,13611,True,9.83073299325347e-07,5.6688527472174315e-12,1.1623971382808223e-09,4.749660732509462e-08,0.100189208984375
100.0,3,0.1,0.0001,44,1531,True,7.206928051405005e-07,6.273952722536436e-11,8.735953988727028e-10,3.480352570807997e-08,0.011863231658935547
100.0,3,1.0,0.0001,10,382,True,2.707472396850914e-07,9.294484184094051e-10,3.7209054668435004e-10,1.2974320038505379e-08,0.003604888916015625
100.0,3,10.0,0.0001,5,264,True,5.921393569367446e-08,1.4469910880109156e-08,9.082989127921189e-11,2.822188845516126e-09,0.0010097026824951172
100.0,3,100.0,0.0001,4,282,True,7.334306477487279e-08,3.677719632735707e-07,4.6054062423080104e-12,5.944523880778594e-09,0.0022003650665283203
100.0,3,1000.0,0.0001,4,338,True,6.451165726133056e-08,3.480054665147837e-07,6.490937616547084e-11,6.352780155214778e-09,0.003194570541381836
100.0,3,10000.0,0.0001,5,418,True,1.6007891694084327e-11,5.288865009042227e-07,1.8426431864501043e-14,6.395083468170453e-09,0.002605915069580078
100.0,3,0.0001,1e-06,500,29511,False,29.94545436886294,2.587721023128236e-08,0.14676872755912798,0.33392492042617833,0.2159872055053711
100.0,3,0.001,1e-06,500,28586,False,0.633106717275623,3.663804657008322e-09,0.0010507247985315348,0.028389066312754032,0.20546746253967285
100.0,3,0.01,1e-06,367,19791,True,9.83078626296776e-07,1.4726217035821252e-13,1.1624100901930748e-09,4.7496860349775274e-08,0.14045929908752441
100.0,3,0.1,1e-06,44,2196,True,7.205900946940046e-07,6.639737320379771e-13,8.734901812762592e-10,3.479852842085669e-08,0.018846511840820312
100.0,3,1.0,1e-06,10,580,True,2.688781923204384e-07,9.612636474394097e-12,3.693074878484675e-10,1.2884971532790895e-08,0.0046503543853759766
100.0,3,10.0,1e-06,5,412,True,2.9273109247853105e-08,8.414031666578529e-11,4.6249676355554696e-11,1.3708796142505187e-09,0.0029993057250976562
100.0,3,100.0,1e-06,3,301,True,6.743471858301156e-08,2.7649020430659458e-08,1.4653272775586137e-10,2.833859867386654e-09,0.0020003318786621094
100.0,3,1000.0,1e-06,3,343,True,3.523016359792683e-09,1.987283236834862e-07,5.138036943086957e-13,2.6028158303528295e-09,0.003007173538208008
100.0,3,10000.0,1e-06,4,618,True,1.2724908219853705e-11,2.430317737196052e-09,8.812641326500498e-15,5.245402285921043e-11,0.004428386688232422
100.0,3,0.0001,1e-12,500,51987,False,29.94545435269362,1.7800605377337307e-13,0.14676872751592132,0.33392492014878994,0.36751246452331543
100.0,3,0.001,1e-12,500,51240,False,0.6331067125955341,1.6709849605878756e-13,0.0010507247840030943,0.028389066123738593,0.35149455070495605
100.0,3,0.01,1e-12,367,35404,True,9.830786410253814e-07,1.451735370351783e-13,1.1624098231433378e-09,4.7496861353189734e-08,0.2680847644805908
100.0,3,0.1,1e-12,44,4073,True,7.205893496682388e-07,1.4822793371211385e-13,8.734891130773105e-10,3.479849324269777e-08,0.028547048568725586
100.0,3,1.0,1e-12,10,1128,True,2.6886843002918136e-07,2.970755641394938e-13,3.6929493651082066e-10,1.2884482818784696e-08,0.010010480880737305
100.0,3,10.0,1e-12,5,905,True,2.930779263855603e-08,2.8462468042647555e-12,4.6281855848883284e-11,1.3724742715511546e-09,0.007428646087646484
100.0,3,100.0,1e-12,3,694,True,6.580588499470776e-08,2.5683008415657557e-11,1.4363764155523737e-10,2.96167412214903e-09,0.00542759895324707
100.0,3,1000.0,1e-12,2,554,True,3.5049629777502714e-07,2.2757570965713446e-10,1.4033498404574958e-09,1.3572263272672105e-08,0.004212856292724609
100.0,3,10000.0,1e-12,2,624,True,3.501270930999356e-09,3.4308107243227044e-09,1.4045480926281628e-11,1.440086266462398e-10,0.005057573318481445
100.0,4,0.0001,0.01,500,12387,False,24.761991451629207,0.00023237708377133544,0.08483732800213707,0.5636265310750199,0.1052553653717041
100.0,4,0.001,0.01,500,10898,False,1.4098946465893867,8.607367273899862e-05,0.00309430809343521,0.1214399413810882,0.09589982032775879
100.0,4,0.01,0.01,500,10044,False,1.1629547166392138e-05,7.1431046849200765e-09,2.4057702291818216e-08,1.0258515950648072e-06,0.08580493927001953
100.0,4,0.1,0.01,67,1322,True,8.001061631472929e-07,4.209317658768383e-09,1.656312408066174e-09,7.057841240150833e-08,0.009985685348510742
100.0,4,1.0,0.01,12,249,True,6.609690065208507e-07,1.343183519491015e-07,1.381847242690175e-09,5.842954806117442e-08,0.00251007080078125
100.0,4,10.0,0.01,8,243,True,4.4741261880829824e-08,2.425369397757142e-07,1.1146934486721368e-11,3.8988910158157924e-09,0.002138853073120117
100.0,4,100.0,0.01,9,326,True,1.2107243021560364e-09,3.5318772392987293e-07,7.021356178881126e-13,5.268552658509098e-09,0.002611875534057617
100.0,4,1000.0,0.01,10,452,True,2.559292097973954e-10,3.86652284816379e-08,4.5330818313558544e-13,7.706747021465235e-10,0.0029997825622558594
100.0,4,10000.0,0.01,10,504,True,2.19350986589186e-10,5.625914730057062e-07,1.3619900115116356e-13,6.178046307638808e-09,0.004000425338745117
100.0,4,0.0001,0.0001,500,21087,False,24.762047587322517,1.52699090652934e-06,0.08483743774557256,0.5636306282470198,0.16117548942565918
100.0,4,0.001,0.0001,500,19589,False,1.409965722449024,7.042133109894041e-07,0.003094477172207098,0.1214458913196132,0.14736700057983398
100.0,4,0.01,0.0001,500,19013,False,1.163939006822148e-05,4.9213428879622124e-11,2.407652302551342e-08,1.0267197937179745e-06,0.14604783058166504
100.0,4,0.1,0.0001,67,2403,True,8.104737667766598e-07,6.015683532519049e-11,1.676493430804096e-09,7.149253171942522e-08,0.020998477935791016
100.0,4,1.0,0.0001,12,482,True,9.693995399739089e-07,1.714797732558474e-09,2.0060018247996503e-09,8.551108180332357e-08,0.00400090217590332
100.0,4,10.0,0.0001,5,284,True,2.9329282842852375e-07,4.2150965723951685e-08,6.340917632915918e-10,2.5915810833259018e-08,0.002000570297241211
100.0,4,100.0,0.0001,4,289,True,7.847268613309023e-08,2.2691283150003326e-07,6.421776829388819e-11,3.0329960952583126e-09,0.0030050277709960938
100.0,4,1000.0,0.0001,4,351,True,4.057102155911591e-08,3.5446336528890826e-07,1.965833932761665e-12,6.919959694862344e-09,0.0030007362365722656
100.0,4,10000.0,0.0001,6,594,True,1.0854763929471494e-11,2.791080862023263e-09,2.0776118819669018e-14,5.704304979914477e-11,0.0039920806884765625
100.0,4,0.0001,1e-06,500,29421,False,24.762050467443814,1.5253721807118127e-08,0.0848374394773148,0.56363070266608,0.22300100326538086
100.0,4,0.001,1e-06,500,28143,False,1.409965284356129,7.202647450166887e-09,0.003094477950785711,0.1214458531389372,0.20899081230163574
100.0,4,0.01,1e-06,500,27280,False,1.163932474485365e-05,4.63146724030526e-13,2.4076370059819888e-08,1.026714030573502e-06,0.20400762557983398
100.0,4,0.1,1e-06,67,3471,True,8.104288997772036e-07,4.608710690198362e-13,1.6764002420138346e-09,7.148857390218576e-08,0.025989294052124023
100.0,4,1.0,1e-06,12,732,True,9.67158767515109e-07,1.8290684456260418e-11,2.001607736418176e-09,8.531366646091325e-08,0.006001710891723633
100.0,4,10.0,1e-06,5,444,True,3.354384165519637e-07,3.2159364699575436e-10,7.067837581084873e-10,2.9579323254043114e-08,0.002998828887939453
100.0,4,100.0,1e-06,3,312,True,3.5308518625013365e-07,6.133507550486059e-08,8.415097202855593e-10,3.135070702850755e-08,0.0019991397857666016
100.0,4,1000.0,1e-06,3,363,True,2.3659851771545554e-09,1.5020744016211186e-07,1.710931609465375e-12,2.4163586403175657e-09,0.0030112266540527344
100.0,4,10000.0,1e-06,3,413,True,1.67166595219373e-10,9.686909865786756e-07,2.2015396082596644e-13,1.744139869714095e-08,0.0029904842376708984
100.0,4,0.0001,1e-12,500,51891,False,24.76205046420471,2.0377568281759993e-13,0.08483743950004496,0.5636307025080259,0.37055039405822754
100.0,4,0.001,1e-12,500,50852,False,1.409965279033178,1.6865139210266023e-13,0.0030944779458686963,0.12144585257748008,0.3595714569091797
100.0,4,0.01,1e-12,500,49593,False,1.1639326454648338e-05,1.2660355863193339e-13,2.4076373583255244e-08,1.0267141811754376e-06,0.34311461448669434
100.0,4,0.1,1e-12,67,6346,True,8.104287806956114e-07,1.8895288114994663e-13,1.6764002420138346e-09,7.148856325754427e-08,0.04706978797912598
100.0,4,1.0,1e-12,12,1371,True,9.67147059288394e-07,4.143778754163848e-13,2.0015830723706883e-09,8.531264363846374e-08,0.009008169174194336
100.0,4,10.0,1e-12,5,926,True,3.3491658133276253e-07,3.107458718908303e-12,7.057546719891739e-10,2.9534627456893816e-08,0.0070323944091796875
100.0,4,100.0,1e-12,3,742,True,2.786514358164433e-07,4.3095675987634816e-11,6.66800907175545e-10,2.440568415393387e-08,0.004993915557861328
100.0,4,1000.0,1e-12,2,590,True,7.934075519095691e-07,3.925170623030805e-10,2.5750656726611577e-09,6.537532937612837e-08,0.003849506378173828
100.0,4,10000.0,1e-12,2,650,True,7.953804255536013e-09,3.889219067982184e-09,2.5814023889011567e-11,6.545621608392369e-10,0.0040225982666015625
100.0,5,0.0001,0.01,500,12265,False,24.77443384758549,0.00020917780413656778,0.09411988224428058,0.4698531069610371,0.09725689888000488
100.0,5,0.001,0.01,500,11260,False,0.6096581615404295,3.308494676846211e-05,0.0014028882266453513,0.026295078056903128,0.08816981315612793
100.0,5,0.01,0.01,326,7176,True,9.758222631899203e-07,5.430994716421255e-10,1.353132078488889e-09,4.4651646480637306e-08,0.05824542045593262
100.0,5,0.1,0.01,40,751,True,6.828979977952876e-07,6.679039802401381e-09,9.854456126770071e-10,3.113678846484574e-08,0.005996227264404297
100.0,5,1.0,0.01,10,192,True,2.44654042538769e-07,8.516058792891181e-08,3.804886892379903e-10,1.1395503897913744e-08,0.0009963512420654297
100.0,5,10.0,0.01,8,244,True,2.0262197674944224e-08,1.4708080737919567e-07,3.8675940251207134e-12,2.2427494073794397e-09,0.001995086669921875
100.0,5,100.0,0.01,8,301,True,2.0141261452481608e-08,7.592587834989296e-07,5.787497654073319e-12,9.688050205204003e-09,0.0019979476928710938
100.0,5,1000.0,0.01,10,449,True,2.164536322773213e-10,6.118110310124389e-08,1.2460433728923977e-14,1.0943728293754743e-09,0.0032520294189453125
100.0,5,10000.0,0.01,10,474,True,2.3039752764031573e-10,9.502528588500377e-07,8.149123658716281e-14,1.1477008434599935e-08,0.003999948501586914
100.0,5,0.0001,0.0001,500,20564,False,24.774349591407077,2.241500309327472e-06,0.09411958593609282,0.46985215763835236,0.14955854415893555
100.0,5,0.001,0.0001,500,19893,False,0.6096504104816665,3.7408083846322617e-07,0.0014028395037672956,0.026294732087311774,0.14661931991577148
100.0,5,0.01,0.0001,326,12198,True,9.735381486673332e-07,6.347795405249156e-12,1.3501231329520285e-09,4.4545962760916274e-08,0.0905771255493164
100.0,5,0.1,0.0001,40,1456,True,6.83998464227695e-07,4.853774092067583e-11,9.76765425332764e-10,3.1215036363401596e-08,0.011228084564208984
100.0,5,1.0,0.0001,9,364,True,7.000273291932882e-07,1.9996030377471065e-09,1.0979518656501599e-09,3.158509926803875e-08,0.003004789352416992
100.0,5,10.0,0.0001,5,270,True,2.0816276379470202e-08,5.3962212294795385e-09,3.2311275306810054e-11,9.262037999415934e-10,0.0012362003326416016
100.0,5,100.0,0.0001,4,293,True,1.35157345324312e-07,3.0802222716650646e-07,1.709484284572267e-11,5.636830903824503e-09,0.0030007362365722656
100.0,5,1000.0,0.0001,4,353,True,1.331502067648209e-07,4.5217556812469504e-07,6.675939039379328e-11,8.63376001034967e-09,0.002005338668823242
100.0,5,10000.0,0.0001,5,444,True,2.0436570727881587e-11,3.8826536855559835e-07,1.0466764332296141e-14,4.225213884954327e-09,0.002994537353515625
100.0,5,0.0001,1e-06,500,29152,False,24.774349236539397,1.868647854126858e-08,0.09411958619496605,0.4698521529335059,0.2071061134338379
100.0,5,0.001,1e-06,500,28564,False,0.6096508090818911,2.4227401540059355e-09,0.001402840171670592,0.026294740695543384,0.20740699768066406
100.0,5,0.01,1e-06,326,17569,True,9.735344898260144e-07,1.7192689863627614e-13,1.3501301107949167e-09,4.454576944883323e-08,0.13339877128601074
100.0,5,0.1,1e-06,40,2093,True,6.83760088728181e-07,5.566487745905123e-13,9.765831291873098e-10,3.120369649287596e-08,0.01510763168334961
100.0,5,1.0,1e-06,9,554,True,6.993614145693538e-07,2.771848608359679e-11,1.101154446327168e-09,3.154666032506127e-08,0.005471706390380859
100.0,5,10.0,1e-06,5,439,True,2.045930672015588e-08,6.319824476938507e-11,3.9131244499662015e-11,9.118339279857304e-10,0.003003835678100586
100.0,5,100.0,1e-06,3,308,True,7.183232775840699e-08,3.085523335974052e-08,1.7626180660791449e-10,3.1377156615410353e-09,0.001988649368286133
100.0,5,1000.0,1e-06,3,359,True,3.752033619128715e-09,1.749931256519318e-07,6.204049953631248e-13,1.924430399183957e-09,0.0030014514923095703
100.0,5,10000.0,1e-06,4,632,True,1.1074139363737309e-11,3.1610998431616645e-09,1.7444607220493568e-14,5.8140035284039256e-11,0.004653215408325195
100.0,5,0.0001,1e-12,500,51804,False,24.774349234795245,1.8395333715187873e-13,0.09411958621799281,0.4698521532763152,0.37424325942993164
100.0,5,0.001,1e-12,500,50985,False,0.6096508054498371,1.2888461652948758e-13,0.001402840172956758,0.02629474048220602,0.3540778160095215
100.0,5,0.01,1e-12,326,31660,True,9.735347162816251e-07,1.428977474306259e-13,1.3501308584209404e-09,4.4545779321071974e-08,0.21847772598266602
100.0,5,0.1,1e-12,40,3729,True,6.837618471860663e-07,1.9858360030944654e-13,9.765853720653812e-10,3.1203777598659605e-08,0.02571702003479004
100.0,5,1.0,1e-12,9,1013,True,6.994149627091854e-07,3.554528299914094e-13,1.1012351899377314e-09,3.1549052434151e-08,0.007176637649536133
100.0,5,10.0,1e-12,5,928,True,2.0458568594154668e-08,3.662455334281953e-12,3.910719586256519e-11,9.113620765138525e-10,0.005683422088623047
100.0,5,100.0,1e-12,3,741,True,6.211769950046805e-08,2.904577405728152e-11,1.7851677129983785e-10,2.5670733118253882e-09,0.004997968673706055
100.0,5,1000.0,1e-12,2,591,True,4.043354455767622e-07,5.354062686341092e-10,1.5829281449437287e-09,1.3977174913194649e-08,0.0039942264556884766
100.0,5,10000.0,1e-12,2,672,True,4.048791813711531e-09,3.321814333857044e-09,1.583820810416069e-11,1.478708198992221e-10,0.005005836486816406
100.0,6,0.0001,0.01,500,11914,False,33.04388844500072,0.00028792120729865915,0.09518398167523666,0.4368413275136298,0.09541749954223633
100.0,6,0.001,0.01,500,11203,False,0.7514470197457394,4.752687427909983e-05,0.0009661647113010365,0.03334617879154776,0.08860492706298828
100.0,6,0.01,0.01,368,7763,True,9.681721751168567e-07,5.845905201065674e-10,1.0031405481669416e-09,4.4305137597577733e-08,0.06441330909729004
100.0,6,0.1,0.01,44,862,True,7.81911186128976e-07,5.628832688848399e-09,8.117030020670298e-10,3.578217394746851e-08,0.00700688362121582
100.0,6,1.0,0.01,10,196,True,2.519059748126259e-07,8.838034789465747e-08,2.6434662401668453e-10,1.180260638156013e-08,0.0020072460174560547
100.0,6,10.0,0.01,8,252,True,1.036972514924235e-08,3.827867278779888e-08,1.613658184771149e-12,3.8707817311633315e-10,0.001986980438232422
100.0,6,100.0,0.01,8,301,True,2.6574623010474638e-08,6.817773678716022e-07,5.589514993465144e-12,8.07358821807537e-09,0.0020058155059814453
100.0,6,1000.0,0.01,10,442,True,1.52101786628853e-10,6.751371662954836e-08,4.2717838174198346e-14,1.0281991562121274e-09,0.004002809524536133
100.0,6,10000.0,0.01,10,465,True,9.382151516228175e-11,8.63880744021768e-07,6.000062766452286e-14,1.4695677542402679e-08,0.003997087478637695
100.0,6,0.0001,0.0001,500,20962,False,33.043827619037835,3.4101452413657173e-06,0.09518405578484838,0.43683686005911176,0.15723133087158203
100.0,6,0.001,0.0001,500,19857,False,0.7513499316696896,3.9313944252104647e-07,0.0009660588392858499,0.033341378171872986,0.15022587776184082
100.0,6,0.01,0.0001,368,14003,True,9.668511974944264e-07,5.838951671930393e-12,1.001617217014035e-09,4.424467264189355e-08,0.10519027709960938
100.0,6,0.1,0.0001,44,1535,True,7.765885150514267e-07,6.543701755118352e-11,8.050080407269193e-10,3.553775434104872e-08,0.012149810791015625
100.0,6,1.0,0.0001,10,397,True,3.236292912000706e-07,1.1572830863552996e-09,3.40243504927893e-10,1.480724926863847e-08,0.002997875213623047
100.0,6,10.0,0.0001,5,273,True,3.0632091018794105e-08,6.185582190175749e-09,3.186457246464229e-11,1.344944226363462e-09,0.0019965171813964844
100.0,6,100.0,0.0001,4,287,True,1.6535321089536934e-07,2.3176172397814354e-07,1.5855165860350167e-10,3.894720366444256e-09,0.001993894577026367
100.0,6,1000.0,0.0001,4,352,True,4.124777229550797e-08,4.5784796217053505e-07,1.905509063900214e-12,5.945021665244319e-09,0.002844572067260742
100.0,6,10000.0,0.0001,5,442,True,1.472046819773959e-11,6.362870044786543e-07,7.500078458065358e-15,8.629925545014371e-09,0.0030007362365722656
100.0,6,0.0001,1e-06,500,29142,False,33.04382597828312,3.5487361665555514e-08,0.09518405289520217,0.43683686746960704,0.21609234809875488
100.0,6,0.001,1e-06,500,28056,False,0.7513496631727103,4.5810440255209205e-09,0.0009660587306768877,0.03334137034559308,0.21734380722045898
100.0,6,0.01,1e-06,368,19794,True,9.66854228959451e-07,1.6441998181860282e-13,1.001617217014035e-09,4.4244810482502884e-08,0.1488053798675537
100.0,6,0.1,1e-06,44,2234,True,7.765114040590034e-07,5.017554452479969e-13,8.049164093335839e-10,3.5534222114434466e-08,0.01707911491394043
100.0,6,1.0,1e-06,10,612,True,3.243379835528931e-07,1.0063974317351361e-11,3.408459568822963e-10,1.4839316026311905e-08,0.003920078277587891
100.0,6,10.0,1e-06,5,429,True,3.62162804358348e-08,1.1121740953107862e-10,4.20897881259273e-11,1.650909435945375e-09,0.0030069351196289062
100.0,6,100.0,1e-06,3,301,True,8.563807153465765e-08,3.99720396147165e-08,1.380306287163155e-10,3.780269867580052e-09,0.003000497817993164
100.0,6,1000.0,1e-06,3,360,True,4.643440190125493e-09,1.1251782694920968e-07,1.343818405464667e-12,1.2020568164124883e-09,0.002007007598876953
100.0,6,10000.0,1e-06,4,613,True,1.0270185127920164e-11,3.23851873409034e-09,1.1250117687098037e-14,5.315682695105316e-11,0.00399470329284668
100.0,6,0.0001,1e-12,500,51118,False,33.04382597004005,3.0108336021101953e-13,0.09518405291475666,0.43683686684236833,0.36254048347473145
100.0,6,0.001,1e-12,500,50702,False,0.7513496626310798,1.6735544185944822e-13,0.0009660587237549674,0.033341370452114896,0.3576502799987793
100.0,6,0.01,1e-12,368,36080,True,9.66854381442809e-07,1.5549031176674317e-13,1.001617380059219e-09,4.424481744163106e-08,0.26888370513916016
100.0,6,0.1,1e-12,44,4130,True,7.765128010011159e-07,1.638930429485316e-13,8.049180397854226e-10,3.553428567349557e-08,0.02929067611694336
100.0,6,1.0,1e-12,10,1163,True,3.2433438020256676e-07,3.307191384060277e-13,3.4083959812012536e-10,1.4839152898368776e-08,0.008004903793334961
100.0,6,10.0,1e-12,5,931,True,3.606264016015243e-08,3.5432321082038275e-12,4.195234103592406e-11,1.6438960311425537e-09,0.0070002079010009766
100.0,6,100.0,1e-12,3,723,True,8.01752001091078e-08,3.72414820089752e-11,1.380788900907413e-10,3.518986351897326e-09,0.003999948501586914
100.0,6,1000.0,1e-12,2,573,True,4.3976033222266495e-07,2.611693301077236e-10,1.2339910065639868e-09,1.6077099390874925e-08,0.00399327278137207
100.0,6,10000.0,1e-12,2,651,True,4.385951559086092e-09,4.707284822887883e-09,1.2328172442852997e-11,1.636665063509947e-10,0.00400090217590332
100.0,7,0.0001,0.01,500,12489,False,20.125349029474936,0.00014853912690200363,0.05702804768955158,0.5632884155269152,0.0998847484588623
100.0,7,0.001,0.01,500,11821,False,0.6623679296384792,4.448686861041134e-05,0.0016821037157424587,0.03316789120183798,0.0945580005645752
100.0,7,0.01,0.01,328,7225,True,9.922238788157815e-07,5.719875573608185e-10,8.054986364416178e-10,6.222614492594166e-08,0.05882596969604492
100.0,7,0.1,0.01,40,769,True,6.934470127765268e-07,6.964814899460268e-09,6.151350906253514e-10,4.346052890040513e-08,0.006250143051147461
100.0,7,1.0,0.01,9,175,True,6.072821064862725e-07,2.684121149703862e-07,6.924350014822437e-10,3.4599757755512524e-08,0.0020329952239990234
100.0,7,10.0,0.01,8,232,True,3.356582293976219e-08,1.7727710287923807e-07,4.952354910950734e-12,3.3025413701759162e-09,0.0018191337585449219
100.0,7,100.0,0.01,8,292,True,1.9089654195741575e-08,7.932169809496077e-07,1.7732388346826826e-11,1.619682686040602e-08,0.0020682811737060547
100.0,7,1000.0,0.01,10,415,True,2.5344926025443176e-10,1.247356947193979e-07,1.1262846798453751e-13,2.7651253559833035e-09,0.0029931068420410156
100.0,7,10000.0,0.01,11,498,True,8.144148902442703e-12,1.8468875751236683e-07,4.4391851120031675e-15,2.771594086114531e-09,0.004006862640380859
100.0,7,0.0001,0.0001,500,21486,False,20.12484188516056,1.2677514580506878e-06,0.05702684514918177,0.5632841407765926,0.1597752571105957
100.0,7,0.001,0.0001,500,20282,False,0.6623077269559916,3.7774309259554313e-07,0.0016820084761051532,0.033163061787542344,0.16767239570617676
100.0,7,0.01,0.0001,328,12350,True,9.886908004477683e-07,7.023717626402165e-12,8.033588223837719e-10,6.200432751303923e-08,0.09984302520751953
100.0,7,0.1,0.0001,40,1404,True,6.924651747495405e-07,6.825103043723986e-11,6.198408805117955e-10,4.33931164211311e-08,0.012000560760498047
100.0,7,1.0,0.0001,9,359,True,5.62183613652283e-07,2.4105671423105263e-09,9.323669955945788e-10,3.394752898204478e-08,0.0030012130737304688
100.0,7,10.0,0.0001,4,218,True,7.041619762794011e-07,3.434417502104995e-07,1.8999330509453924e-09,3.145692547734206e-08,0.0010077953338623047
100.0,7,100.0,0.0001,4,287,True,1.3734905179093445e-07,2.3849790121881723e-07,1.3573011414126234e-10,6.341296814111462e-09,0.002002716064453125
100.0,7,1000.0,0.0001,4,334,True,1.336300790262188e-07,4.264722613311543e-07,4.146325728471302e-11,7.910194370886495e-09,0.0030002593994140625
100.0,7,10000.0,0.0001,6,567,True,9.602811577420686e-12,3.0909478153708137e-09,8.878370224006335e-15,8.087722511545413e-11,0.003999233245849609
100.0,7,0.0001,1e-06,500,29506,False,20.124844283846972,1.5456610565524716e-08,0.0570268524462776,0.5632840871624933,0.2278890609741211
100.0,7,0.001,1e-06,500,28656,False,0.6623068568173728,4.571181981723345e-09,0.0016820063810025678,0.03316301943601856,0.2132127285003662
100.0,7,0.01,1e-06,328,17694,True,9.886964639707382e-07,1.5579491454892238e-13,8.033699837634821e-10,6.200467981132656e-08,0.13197565078735352
100.0,7,0.1,1e-06,40,2069,True,6.922773473489929e-07,7.086784711666075e-13,6.197183590027042e-10,4.3381319339710904e-08,0.014666080474853516
100.0,7,1.0,1e-06,9,545,True,5.652163685290398e-07,2.429012431413986e-11,9.338788552098667e-10,3.415331060073893e-08,0.00478053092956543
100.0,7,10.0,1e-06,5,428,True,1.7816253782155987e-08,7.482363474427634e-11,4.090341262515924e-11,9.855821989615772e-10,0.002477407455444336
100.0,7,100.0,1e-06,3,293,True,5.667591059082384e-08,3.57172066579917e-08,1.523746484679277e-10,2.6235434693700794e-09,0.0026895999908447266
100.0,7,1000.0,1e-06,3,356,True,3.2810035613119187e-09,1.368771981476503e-07,7.284068599495484e-13,3.221355025874963e-09,0.002542734146118164
100.0,7,10000.0,1e-06,4,614,True,1.6568249931399503e-11,3.3116945824705824e-09,0.0,8.444079291199594e-11,0.004628658294677734
100.0,7,0.0001,1e-12,500,51982,False,20.12484429455056,1.8526614749819037e-13,0.057026852498273904,0.5632840869070489,0.3600468635559082
100.0,7,0.001,1e-12,500,51056,False,0.6623068586730743,1.4907793676535636e-13,0.0016820063924763392,0.033163019385250306,0.3552548885345459
100.0,7,0.01,1e-12,328,31810,True,9.886968564213074e-07,1.3033238472895896e-13,8.033703642650631e-10,6.200470446924305e-08,0.22034287452697754
100.0,7,0.1,1e-12,40,3674,True,6.9227857683597e-07,1.6819293472528654e-13,6.19719373673587e-10,4.338139663255614e-08,0.026250839233398438
100.0,7,1.0,1e-12,9,1012,True,5.65217057722304e-07,2.918496759974992e-13,9.338673133285754e-10,3.415330868982807e-08,0.00745701789855957
100.0,7,10.0,1e-12,5,904,True,1.782248835048408e-08,2.627285317513739e-12,4.09564291787826e-11,9.84639412374171e-10,0.0062754154205322266
100.0,7,100.0,1e-12,3,705,True,6.286044560737887e-08,2.8736934770929565e-11,1.7618935458750057e-10,3.155472605024229e-09,0.005120038986206055
100.0,7,1000.0,1e-12,2,565,True,3.9819765001465293e-07,3.5361415671038563e-10,1.3096419232162971e-09,1.8500120688777836e-08,0.00485992431640625
100.0,7,10000.0,1e-12,2,630,True,3.986349938153724e-09,4.8743913859017506e-09,1.3121343354058963e-11,1.8410316538324056e-10,0.004585742950439453
100.0,8,0.0001,0.01,500,12490,False,21.948706456308532,0.00017000490587434217,0.04906738657060636,0.4631858313671905,0.10228848457336426
100.0,8,0.001,0.01,500,11799,False,0.34457053089012,2.4576370073170174e-05,0.00042926348597954717,0.017265839470931004,0.10218024253845215
100.0,8,0.01,0.01,297,6229,True,9.78370537302337e-07,6.364717454390068e-10,3.747057311367294e-10,6.056403321325963e-08,0.0556025505065918
100.0,8,0.1,0.01,36,664,True,8.220192817396416e-07,7.432500866812921e-09,4.1619756691920794e-10,5.0213790839168665e-08,0.00589752197265625
100.0,8,1.0,0.01,9,179,True,6.34476143894006e-07,2.334915201500476e-07,2.9575196182200016e-10,3.670130041111892e-08,0.0023550987243652344
100.0,8,10.0,0.01,8,245,True,6.909161053120363e-08,2.8503016297965974e-07,5.968002428977063e-12,6.077012688955433e-09,0.002109050750732422
100.0,8,100.0,0.01,9,328,True,1.1361546828152294e-09,5.593805918287501e-07,7.462709055459529e-13,1.3183344985018621e-08,0.0
100.0,8,1000.0,0.01,10,456,True,5.385940617181682e-10,1.0800651188317916e-07,6.653855304986463e-13,2.803552820868788e-09,0.005846977233886719
100.0,8,10000.0,0.01,10,495,True,2.272270963067559e-10,8.691040071457688e-07,1.6354196268688998e-13,2.0949600657443704e-08,0.003539562225341797
100.0,8,0.0001,0.0001,500,21406,False,21.94867338406113,1.6577863583168393e-06,0.04906730344067436,0.46318199966892426,0.1752457618713379
100.0,8,0.001,0.0001,500,20712,False,0.3444880690337888,2.2095010295654348e-07,0.0004291805585473277,0.017261374775072693,0.1711597442626953
100.0,8,0.01,0.0001,297,11324,True,9.773400697028422e-07,7.0059634595898e-12,3.74098992423175e-10,6.050090639396769e-08,0.08908867835998535
100.0,8,0.1,0.0001,36,1287,True,8.539787448526629e-07,7.24691075134308e-11,4.19330054789349e-10,5.222338137396434e-08,0.01028299331665039
100.0,8,1.0,0.0001,9,362,True,2.179383147431979e-07,1.0070045932449885e-09,1.763348408367078e-10,1.2390486712652719e-08,0.003165006637573242
100.0,8,10.0,0.0001,4,221,True,6.08173378320781e-07,2.4202688699916174e-07,6.480487048440419e-10,3.121313863561871e-08,0.0015866756439208984
100.0,8,100.0,0.0001,4,295,True,2.500704152018608e-07,3.086941876314387e-07,8.934153756563426e-11,1.0634462856542012e-08,0.0021719932556152344
100.0,8,1000.0,0.0001,4,356,True,7.97359551863629e-08,2.7938484295320746e-07,5.503708568121574e-11,6.467346139779717e-09,0.0028228759765625
100.0,8,10000.0,0.0001,6,613,True,6.620422452241322e-12,3.662196983756499e-09,3.1488223862698433e-15,8.637222351033118e-11,0.0034766197204589844
100.0,8,0.0001,1e-06,500,29486,False,21.948672521018388,1.4244282235886365e-08,0.04906730317181511,0.4631819843875624,0.20614218711853027
100.0,8,0.001,1e-06,500,28486,False,0.34448798467451497,2.145122107746996e-09,0.0004291805175248632,0.017261358574878722,0.1984694004058838
100.0,8,0.01,1e-06,297,16212,True,9.77269843709266e-07,1.8645530511413214e-13,3.7408836514762134e-10,6.04964882438349e-08,0.11271500587463379
100.0,8,0.1,1e-06,36,1855,True,8.542592198529873e-07,5.705104447201565e-13,4.1934146927049924e-10,5.2241865821394986e-08,0.013567924499511719
100.0,8,1.0,1e-06,9,546,True,2.155832363754691e-07,8.225125754309549e-12,1.7696224369717205e-10,1.2207687161479918e-08,0.0035791397094726562
100.0,8,10.0,1e-06,4,350,True,5.086140471225373e-07,1.6875746516747116e-09,6.973612314270191e-10,2.5940689505176472e-08,0.0025322437286376953
100.0,8,100.0,1e-06,3,313,True,5.3885375011282816e-08,2.25540153955105e-08,4.126039733708775e-11,2.748380559577115e-09,0.002190828323364258
100.0,8,1000.0,1e-06,3,366,True,3.393389359158458e-09,1.9474841611855146e-07,7.006129809450401e-13,3.0015881181351375e-09,0.002580881118774414
100.0,8,10000.0,1e-06,4,650,True,2.3140774323773353e-11,4.680952546656809e-09,3.3456237854117087e-15,1.260448608201451e-10,0.0042760372161865234
100.0,8,0.0001,1e-12,500,51992,False,21.948672544192757,2.34592266200399e-13,0.04906730320264405,0.463181984410596,0.35457563400268555
100.0,8,0.001,1e-12,500,51099,False,0.3444879826585675,2.502492830049623e-13,0.0004291805131663026,0.017261358511325337,0.34493470191955566
100.0,8,0.01,1e-12,297,28833,True,9.77268979871393e-07,1.82871057504485e-13,3.740871843392265e-10,6.049643397590758e-08,0.1972367763519287
100.0,8,0.1,1e-12,36,3345,True,8.542697150288815e-07,2.032170144616235e-13,4.1934383088728896e-10,5.224252844210376e-08,0.021784543991088867
100.0,8,1.0,1e-12,9,1030,True,2.155671899110442e-07,3.236737701694893e-13,1.7695043561322354e-10,1.2206754731389412e-08,0.008538246154785156
100.0,8,10.0,1e-12,4,748,True,5.107203777047436e-07,3.786628744545522e-12,6.986768487802825e-10,2.6052028367614046e-08,0.00559544563293457
100.0,8,100.0,1e-12,3,739,True,3.440695005029665e-08,4.5726647752485114e-11,6.174033813738682e-11,1.639213634713297e-09,0.005838155746459961
100.0,8,1000.0,1e-12,2,590,True,2.6750742089471344e-07,3.88719995265208e-10,6.63312621361485e-10,1.0428399517820439e-08,0.004319190979003906
100.0,8,10000.0,1e-12,2,663,True,2.6654216211806414e-09,3.6535689056158407e-09,6.5969797006344635e-12,1.1884900939186896e-10,0.004567861557006836
100.0,9,0.0001,0.01,500,12493,False,28.000010035946552,0.0002516367602000653,0.10290443789228725,0.4881400315393329,0.10254907608032227
100.0,9,0.001,0.01,500,11955,False,0.6874739591385906,3.54558441106158e-05,0.001757538885484802,0.025939755600537923,0.09719491004943848
100.0,9,0.01,0.01,335,7701,True,9.746138630000292e-07,5.387788137416653e-10,8.542597323949375e-10,4.533348114027793e-08,0.06214547157287598
100.0,9,0.1,0.01,40,810,True,8.951353388217688e-07,8.029759669276359e-09,8.395801444793045e-10,4.1588704850722445e-08,0.00490570068359375
100.0,9,1.0,0.01,9,183,True,9.18951260521525e-07,2.5763917013116255e-07,3.19880609469267e-10,4.31313204067875e-08,0.0036232471466064453
100.0,9,10.0,0.01,8,248,True,9.577576832908615e-08,2.046610900664616e-07,1.7983011970327734e-10,2.987859996003604e-09,0.0010173320770263672
100.0,9,100.0,0.01,9,333,True,1.007242676154284e-09,2.3590907245255975e-07,6.867347978180481e-13,2.4658878502622566e-09,0.001993417739868164
100.0,9,1000.0,0.01,10,453,True,1.055004983348179e-10,1.211136066778929e-07,8.543991464492103e-14,1.78763192937818e-09,0.003309011459350586
100.0,9,10000.0,0.01,11,518,True,8.520931808081348e-12,5.34680353002941e-07,9.41676478613377e-15,6.1028245398118484e-09,0.004860877990722656
100.0,9,0.0001,0.0001,500,21486,False,28.000112983870206,1.8195091038705855e-06,0.10290418325864811,0.4881438445683433,0.15507078170776367
100.0,9,0.001,0.0001,500,20543,False,0.6874917015952424,4.593208711480422e-07,0.0017575854274272044,0.02594095197401608,0.1468644142150879
100.0,9,0.01,0.0001,335,13173,True,9.782600558181174e-07,5.000139823498435e-12,8.575032336707859e-10,4.550299885216093e-08,0.09264159202575684
100.0,9,0.1,0.0001,40,1508,True,9.253931116144822e-07,7.413083777036498e-11,8.705038813282082e-10,4.299352922246511e-08,0.011470794677734375
100.0,9,1.0,0.0001,9,374,True,7.015816510467397e-07,2.6044524659673424e-09,1.0185055657315433e-09,3.180747283256988e-08,0.0020339488983154297
100.0,9,10.0,0.0001,5,280,True,2.3293753862021715e-08,6.796624551542245e-09,2.4149867487014815e-11,1.083525526530724e-09,0.0026755332946777344
100.0,9,100.0,0.0001,4,287,True,1.7687417249654756e-07,4.4681913601322035e-07,1.2880319777630742e-10,5.299487828452703e-09,0.001996755599975586
100.0,9,1000.0,0.0001,4,353,True,2.4167477171377917e-07,5.954594854665746e-07,4.01635353602151e-10,9.675198345720944e-09,0.0027222633361816406
100.0,9,10000.0,0.0001,6,596,True,8.860981133377276e-12,3.8509563256059294e-09,5.971606937548244e-15,7.112570350415974e-11,0.003568887710571289
100.0,9,0.0001,1e-06,500,29746,False,28.00011185250193,2.267028015554367e-08,0.10290418496856356,0.4881437893497968,0.20636701583862305
100.0,9,0.001,1e-06,500,28434,False,0.6874916027849884,4.455598796672219e-09,0.0017575837856514717,0.025940974275188194,0.19362616539001465
100.0,9,0.01,1e-06,335,18528,True,9.782651655710217e-07,1.5139052213118554e-13,8.575092052777235e-10,4.5503237175955914e-08,0.12530970573425293
100.0,9,0.1,1e-06,40,2114,True,9.250641393492965e-07,6.807515895659171e-13,8.702271203143718e-10,4.297812738283572e-08,0.01743912696838379
100.0,9,1.0,1e-06,9,561,True,7.057286817897922e-07,2.2127457060815845e-11,1.0231962629809875e-09,3.1989241602602966e-08,0.004003047943115234
100.0,9,10.0,1e-06,5,449,True,2.014189056837241e-08,5.963453017558486e-11,4.2640718691943047e-11,8.552831260121446e-10,0.0029969215393066406
100.0,9,100.0,1e-06,3,318,True,5.7160973196045524e-08,3.186153627844836e-08,1.526694139337887e-10,2.0333812895076435e-09,0.0020096302032470703
100.0,9,1000.0,1e-06,3,363,True,4.552473451729457e-09,2.0696039312105251e-07,8.844179551698855e-12,2.0189067820054205e-09,0.001989603042602539
100.0,9,10000.0,1e-06,4,611,True,1.3333287844363514e-11,3.995187345554464e-09,5.282575367831139e-15,7.624062697780822e-11,0.004994630813598633
100.0,9,0.0001,1e-12,500,52011,False,28.000111865903516,1.8467171140820175e-13,0.10290418496838763,0.48814379005229436,0.34303855895996094
100.0,9,0.001,1e-12,500,51227,False,0.6874916244892081,1.7703233728286914e-13,0.0017575838188485533,0.02594097534657466,0.34098029136657715
100.0,9,0.01,1e-12,335,32991,True,9.782659549241106e-07,1.6484995086991554e-13,8.575098943092931e-10,4.550327301624923e-08,0.23326468467712402
100.0,9,0.1,1e-12,40,3801,True,9.250636260780702e-07,1.938722486449809e-13,8.702268906371819e-10,4.297810369003279e-08,0.026911020278930664
100.0,9,1.0,1e-12,9,1034,True,7.057861523517729e-07,4.057356486063028e-13,1.0232467919627668e-09,3.199186933116363e-08,0.007460117340087891
100.0,9,10.0,1e-12,5,940,True,2.0151209064585415e-08,4.055621671686526e-12,4.2717890227751366e-11,8.550637549744165e-10,0.006381034851074219
100.0,9,100.0,1e-12,3,737,True,6.748019878456899e-08,4.9675361581362646e-11,2.0063542795088534e-10,2.528426526213086e-09,0.004663228988647461
100.0,9,1000.0,1e-12,2,586,True,4.4650022435429117e-07,3.075635359405611e-10,1.7185037619122658e-09,1.4594930377064998e-08,0.004961252212524414
100.0,9,10000.0,1e-12,2,674,True,4.4570419343894135e-09,4.101221047585275e-09,1.7174571229578657e-11,1.668511111356627e-10,0.004653453826904297
100.0,10,0.0001,0.01,500,11939,False,34.32940727239937,0.000352901651673483,0.10158159552896939,0.40760185363782414,0.09720563888549805
100.0,10,0.001,0.01,500,11274,False,0.7099287196867181,4.9950414596047964e-05,0.000749486509128107,0.034108159691919236,0.08941245079040527
100.0,10,0.01,0.01,406,8886,True,9.804450402256988e-07,5.326944788729902e-10,8.212851989831847e-10,4.8731580855141945e-08,0.06793689727783203
100.0,10,0.1,0.01,48,942,True,7.430287074178475e-07,6.733981336466479e-09,6.238748120002287e-10,3.693168199142254e-08,0.010635852813720703
100.0,10,1.0,0.01,11,233,True,2.1593617707639156e-07,5.461326247209358e-08,1.8388081634630394e-10,1.0863328947282173e-08,0.0012938976287841797
100.0,10,10.0,0.01,8,235,True,4.926111396191904e-08,2.3766186608852775e-07,2.4880386539057776e-12,2.8172117556765883e-09,0.0022449493408203125
100.0,10,100.0,0.01,9,325,True,8.36989073295387e-10,2.3501610718153775e-07,1.652075595696025e-13,2.5787886674952603e-09,0.001786947250366211
100.0,10,1000.0,0.01,10,432,True,3.59344758986432e-10,2.5216234409892173e-07,2.7742703559507865e-13,3.8810611597832535e-09,0.0033228397369384766
100.0,10,10000.0,0.01,11,503,True,1.0971809489517855e-11,1.834173777892275e-07,4.162205958148901e-15,1.5279900735961637e-09,0.003753662109375
100.0,10,0.0001,0.0001,500,21004,False,34.32950237978457,3.1636397699412067e-06,0.10158143918044413,0.4076048472402678,0.1472935676574707
100.0,10,0.001,0.0001,500,20083,False,0.7099665160659662,4.5078713171832385e-07,0.0007495734582009657,0.034108487242926804,0.14088869094848633
100.0,10,0.01,0.0001,406,15454,True,9.800253244491834e-07,6.2978361649656376e-12,8.209429375855493e-10,4.8710716908320784e-08,0.11542582511901855
100.0,10,0.1,0.0001,48,1742,True,7.309202027618904e-07,5.1178059047548185e-11,6.126547854158156e-10,3.6329291623800356e-08,0.012990713119506836
100.0,10,1.0,0.0001,10,413,True,6.281407588871854e-07,1.41514778744425e-09,5.355139009510848e-10,3.1213036500088174e-08,0.0030002593994140625
100.0,10,10.0,0.0001,5,279,True,3.834493289405089e-08,9.87200276591898e-09,3.466797393448946e-11,1.874179236540069e-09,0.0020046234130859375
100.0,10,100.0,0.0001,4,287,True,2.695971102804848e-07,4.086022380910775e-07,1.127573611031446e-11,7.999698279382752e-09,0.001995086669921875
100.0,10,1000.0,0.0001,4,350,True,1.5093731518432117e-07,3.991320349477632e-07,1.2136304209130654e-10,4.097510371532941e-09,0.002994060516357422
100.0,10,10000.0,0.0001,5,424,True,3.3568174797083e-11,9.096171535775494e-07,8.964751294474555e-15,9.507231283929229e-09,0.0030059814453125
100.0,10,0.0001,1e-06,500,29317,False,34.32950451051606,2.6041229192526977e-08,0.10158144932047496,0.407604868806905,0.21318507194519043
100.0,10,0.001,1e-06,500,28616,False,0.7099666623070201,2.8488619047443476e-09,0.000749574197203355,0.03410847995131752,0.20778870582580566
100.0,10,0.01,1e-06,406,22337,True,9.79982282234433e-07,1.6368849248589255e-13,8.209051575622369e-10,4.870857777648172e-08,0.1650094985961914
100.0,10,0.1,1e-06,48,2519,True,7.306510061643168e-07,5.880059826257305e-13,6.124412322331937e-10,3.6315911505209195e-08,0.018995285034179688
100.0,10,1.0,1e-06,10,614,True,6.300045074244784e-07,1.8907113375578762e-11,5.369234480072964e-10,3.130565857155377e-08,0.0039975643157958984
100.0,10,10.0,1e-06,5,439,True,4.804244884607376e-08,1.076775947719791e-10,4.493101331821738e-11,2.3777376372249397e-09,0.003995656967163086
100.0,10,100.0,1e-06,3,306,True,8.650289204203341e-08,4.277198970276135e-08,1.1606391356720482e-10,3.570824676708691e-09,0.0020067691802978516
100.0,10,1000.0,1e-06,3,361,True,6.470154807466977e-09,1.5783215212554153e-07,1.8185638340219812e-13,1.9002358285499725e-09,0.0019931793212890625
100.0,10,10000.0,1e-06,4,616,True,2.8679136595202728e-11,5.704520195554158e-09,2.5933744816158535e-14,9.187427429568641e-11,0.005007028579711914
100.0,10,0.0001,1e-12,500,52015,False,34.32950443471561,1.7579193376014973e-13,0.10158144918162057,0.407604868226662,0.355546236038208
100.0,10,0.001,1e-12,500,51212,False,0.7099666667628952,1.5984123448564165e-13,0.0007495741963670718,0.034108480271689195,0.36128950119018555
100.0,10,0.01,1e-12,406,39856,True,9.799825446097508e-07,1.8608627091232167e-13,8.209061180713041e-10,4.870859114287886e-08,0.2774844169616699
100.0,10,0.1,1e-12,48,4489,True,7.306517202407671e-07,2.1712576371547207e-13,6.124421927422609e-10,3.631594684721783e-08,0.03156852722167969
100.0,10,1.0,1e-12,10,1168,True,6.300365692828104e-07,3.297013317269966e-13,5.369546645519825e-10,3.1307252256881156e-08,0.008067846298217773
100.0,10,10.0,1e-12,5,938,True,4.770908516592448e-08,2.7209458532470656e-12,4.4632615167987014e-11,2.3615681566342093e-09,0.005200862884521484
100.0,10,100.0,1e-12,3,735,True,8.397156122235192e-08,2.7163826498698323e-11,1.2589088183439438e-10,4.013406364394927e-09,0.004629611968994141
100.0,10,1000.0,1e-12,2,581,True,4.2383353670524177e-07,3.4754304417605195e-10,1.1844775299579678e-09,1.620304496935043e-08,0.0046727657318115234
100.0,10,10000.0,1e-12,2,643,True,4.238790656257176e-09,4.367073976091067e-09,1.1864528168547985e-11,1.7670254921287135e-10,0.004125118255615234
100.0,11,0.0001,0.01,500,12491,False,25.639144097212405,0.00016334252776493825,0.08120970702557345,0.45830701819684294,0.09566664695739746
100.0,11,0.001,0.01,500,10972,False,0.43705321073750886,3.6681853543149574e-05,0.0009016345203991295,0.016920990447994503,0.08359527587890625
100.0,11,0.01,0.01,315,6517,True,9.6586707703353e-07,6.227183653230054e-10,4.346348079066726e-10,5.067315215391706e-08,0.05104541778564453
100.0,11,0.1,0.01,38,709,True,7.813480199371795e-07,7.316848611246568e-09,4.0255960692555074e-10,4.057928052057652e-08,0.006078004837036133
100.0,11,1.0,0.01,9,175,True,6.717080233453151e-07,2.3417536159843325e-07,2.38479429798905e-10,3.632785237327662e-08,0.0021255016326904297
100.0,11,10.0,0.01,8,246,True,1.1551909964091839e-08,1.0592762099373469e-07,2.793212380029895e-12,2.2129953386486967e-09,0.0014667510986328125
100.0,11,100.0,0.01,8,305,True,2.242477421575779e-08,6.54201578032717e-07,2.1200479754432143e-11,8.01835323923219e-09,0.0
100.0,11,1000.0,0.01,10,445,True,1.412596624068717e-10,4.823131731975408e-08,1.356936784032246e-13,9.624975881353498e-10,0.005903005599975586
100.0,11,10000.0,0.01,11,505,True,1.1175286989007967e-11,2.4376560191711306e-07,8.839979049070006e-16,3.760257272511647e-09,0.0034971237182617188
100.0,11,0.0001,0.0001,500,21084,False,25.63917970704007,2.080531579465799e-06,0.08120941067381039,0.45830784525424706,0.15175580978393555
100.0,11,0.001,0.0001,500,19484,False,0.4370860837200022,2.8848438861120773e-07,0.0009016593222651326,0.016922768060551003,0.14078521728515625
100.0,11,0.01,0.0001,315,11842,True,9.747085223070386e-07,5.857238871332804e-12,4.365068944697894e-10,5.115457203512451e-08,0.08718729019165039
100.0,11,0.1,0.0001,38,1322,True,8.098544548762834e-07,6.431213492540013e-11,4.2256779450573955e-10,4.201650051381329e-08,0.009411096572875977
100.0,11,1.0,0.0001,9,347,True,3.243076030925425e-07,1.0073033237014797e-09,3.134404631397326e-10,1.5887111717415156e-08,0.002650737762451172
100.0,11,10.0,0.0001,4,215,True,7.526894669279706e-07,3.498946333002768e-07,6.725045001506679e-10,2.7085288751390632e-08,0.001996278762817383
100.0,11,100.0,0.0001,4,292,True,1.0420625847274751e-07,1.6119946916606178e-07,1.2127324157995294e-10,4.337836256400539e-09,0.0016543865203857422
100.0,11,1000.0,0.0001,4,346,True,1.0353853254505908e-07,1.954639925578715e-07,8.89156032682133e-11,5.376904905010076e-09,0.0024192333221435547
100.0,11,10000.0,0.0001,6,567,True,8.796351766491625e-12,5.5010535066339095e-09,3.977990572081503e-15,1.186153195500583e-10,0.0036301612854003906
100.0,11,0.0001,1e-06,500,29481,False,25.63918248851125,1.9804952615258245e-08,0.08120941802657877,0.45830790778374114,0.20583271980285645
100.0,11,0.001,1e-06,500,27951,False,0.43708711061779265,3.193296812077369e-09,0.000901660998023717,0.01692281197152192,0.19370317459106445
100.0,11,0.01,1e-06,315,16778,True,9.74677621490985e-07,1.928249335575973e-13,4.3651241945669506e-10,5.11528203297828e-08,0.11788749694824219
100.0,11,0.1,1e-06,38,1878,True,8.105958949714832e-07,7.129529320577015e-13,4.2277023002596326e-10,4.2057110241657096e-08,0.013533353805541992
100.0,11,1.0,1e-06,9,520,True,3.2973158892753667e-07,1.0689284974940909e-11,3.1583521346412563e-10,1.619252343188156e-08,0.004189252853393555
100.0,11,10.0,1e-06,4,333,True,6.465355828124678e-07,3.6868427550874434e-09,1.3320725749609268e-09,2.6741044193781324e-08,0.00201416015625
100.0,11,100.0,1e-06,3,296,True,6.066651794293766e-08,3.209696077376486e-08,8.172759530393825e-11,2.69786697979803e-09,0.0021750926971435547
100.0,11,1000.0,1e-06,3,326,True,5.3504628280468865e-09,2.6163336157996935e-07,1.2046681449120152e-12,4.9425569518048545e-09,0.002523660659790039
100.0,11,10000.0,1e-06,4,598,True,6.248722321423352e-12,3.6619183555359914e-09,1.7679958098140013e-15,7.843586772725734e-11,0.004851102828979492
100.0,11,0.0001,1e-12,500,51809,False,25.639182490950994,2.546984403800337e-13,0.08120941806642762,0.45830790731010224,0.3674299716949463
100.0,11,0.001,1e-12,500,50442,False,0.4370871072737216,1.6158730704515034e-13,0.0009016609881457035,0.016922811865343845,0.34984493255615234
100.0,11,0.01,1e-12,315,29889,True,9.746780931058823e-07,1.5634999308794954e-13,4.365121984572188e-10,5.115284748500205e-08,0.2037944793701172
100.0,11,0.1,1e-12,38,3481,True,8.106037531912927e-07,1.5998787606534314e-13,4.2277332401863044e-10,4.205753271566533e-08,0.0243227481842041
100.0,11,1.0,1e-12,9,998,True,3.297046977577807e-07,3.5697703421278224e-13,3.1582372149136185e-10,1.6191037768007395e-08,0.0060999393463134766
100.0,11,10.0,1e-12,4,710,True,6.480010404359176e-07,3.6061392318569304e-12,1.3306192824052597e-09,2.6850848803808546e-08,0.004780769348144531
100.0,11,100.0,1e-12,3,693,True,4.4576071468913834e-08,3.018232081898756e-11,1.1384478618554318e-10,1.6692672503297912e-09,0.004610776901245117
100.0,11,1000.0,1e-12,2,556,True,3.4279308588984563e-07,4.509924234419193e-10,1.1510238370501149e-09,1.0844998051916575e-08,0.001512765884399414
100.0,11,10000.0,1e-12,2,629,True,3.4266734607117164e-09,3.6039480873895732e-09,1.1501696740744986e-11,1.2373237218858934e-10,0.005659341812133789
100.0,12,0.0001,0.01,500,12451,False,32.14073966983579,0.00037952644238838085,0.17467429531482417,0.2859639514927828,0.09416532516479492
100.0,12,0.001,0.01,500,11649,False,0.552485997006168,3.275051948236699e-05,0.0007773887271998477,0.024901820490982867,0.0920708179473877
100.0,12,0.01,0.01,411,8753,True,9.651901805107366e-07,5.929995382234854e-10,9.002105296126908e-10,4.7121984888771176e-08,0.06755280494689941
100.0,12,0.1,0.01,48,950,True,8.42299550980195e-07,6.0919369837473384e-09,7.862326057917926e-10,4.11230507913242e-08,0.0076520442962646484
100.0,12,1.0,0.01,10,198,True,8.806836684833375e-07,2.421819255020532e-07,8.962134102229466e-10,4.3784679542231064e-08,0.001107931137084961
100.0,12,10.0,0.01,8,238,True,2.4736321721987456e-08,2.3104912402182141e-07,4.4769319020700026e-11,2.046835625915907e-09,0.0009944438934326172
100.0,12,100.0,0.01,8,302,True,1.7536094177660025e-08,5.307962416276357e-07,2.784665369511642e-11,5.906661164346267e-09,0.0033140182495117188
100.0,12,1000.0,0.01,10,454,True,1.9400748695801196e-10,5.774968882841443e-08,3.196879070213148e-13,7.121786437635147e-10,0.00186920166015625
100.0,12,10000.0,0.01,10,493,True,1.5946229980600487e-10,7.349735201795021e-07,2.9506709055877937e-13,8.939174789919829e-09,0.004640340805053711
100.0,12,0.0001,0.0001,500,21479,False,32.14082325603417,2.8799114629890393e-06,0.17467510435161493,0.2859635314512325,0.15400195121765137
100.0,12,0.001,0.0001,500,20516,False,0.5524975253162591,3.0569475079800933e-07,0.0007774283359994374,0.02490166075043984,0.14620757102966309
100.0,12,0.01,0.0001,411,16035,True,9.642919757185391e-07,5.157693369870329e-12,8.994469015953606e-10,4.707812328424129e-08,0.11701655387878418
100.0,12,0.1,0.0001,48,1766,True,8.110048600907474e-07,6.540062253916317e-11,7.572887311516282e-10,3.959439841741375e-08,0.012970209121704102
100.0,12,1.0,0.0001,10,420,True,5.671078438527392e-07,1.696386539120625e-09,5.458311267816804e-10,2.767615568465653e-08,0.0026302337646484375
100.0,12,10.0,0.0001,5,276,True,7.676228616474574e-08,1.8475637168013428e-08,1.0101474503088028e-10,3.688102269448697e-09,0.0014905929565429688
100.0,12,100.0,0.0001,4,277,True,1.302360115630406e-07,2.9391032475378995e-07,7.570084620647464e-11,4.984324783590606e-09,0.002146482467651367
100.0,12,1000.0,0.0001,4,338,True,2.016244448984699e-07,5.637836279457912e-07,1.3874914413115037e-11,5.06884085228504e-09,0.0015037059783935547
100.0,12,10000.0,0.0001,6,568,True,1.3163502545650061e-11,3.338610232630606e-09,1.505314167139471e-14,6.372183054523152e-11,0.004810810089111328
100.0,12,0.0001,1e-06,500,29498,False,32.14082521112072,3.286434191195379e-08,0.17467511012806694,0.28596357249345816,0.20721817016601562
100.0,12,0.001,1e-06,500,28940,False,0.5524990538565571,2.101896840233923e-09,0.0007774301122688789,0.024901730932355454,0.19901776313781738
100.0,12,0.01,1e-06,411,22269,True,9.643261231822786e-07,1.278832355907907e-13,8.994776457236894e-10,4.7079791845746164e-08,0.17109084129333496
100.0,12,0.1,1e-06,48,2458,True,8.109858774088111e-07,5.756787089894258e-13,7.572587524372826e-10,3.959347159794161e-08,0.017862319946289062
100.0,12,1.0,1e-06,10,618,True,5.725403442291471e-07,1.6299268891569048e-11,5.521514051797106e-10,2.794144521424107e-08,0.004865169525146484
100.0,12,10.0,1e-06,5,441,True,3.9111912035628077e-08,8.460418991085972e-11,4.3792268071028735e-11,1.8941789985806973e-09,0.002440214157104492
100.0,12,100.0,1e-06,3,298,True,1.0477271133418903e-07,3.5624594339353506e-08,1.3563263352918282e-10,4.550769290887073e-09,0.003227710723876953
100.0,12,1000.0,1e-06,3,346,True,6.219291480271526e-09,2.1258719764208345e-07,4.360435893813073e-12,2.549815487076155e-09,0.0025963783264160156
100.0,12,10000.0,1e-06,4,586,True,2.2888229848548067e-11,2.702437319373445e-09,3.3167939275954448e-15,4.3526868519076106e-11,0.0017902851104736328
100.0,12,0.0001,1e-12,500,52092,False,32.14082518639622,1.733041872079911e-13,0.17467511010605288,0.28596357202081873,0.36899447441101074
100.0,12,0.001,1e-12,500,51201,False,0.5524990466218322,1.817382868708377e-13,0.0007774301069112362,0.024901730502714863,0.3510305881500244
100.0,12,0.01,1e-12,411,39921,True,9.643263394783667e-07,1.0763725306719513e-13,8.994779008616839e-10,4.70798014057727e-08,0.2726783752441406
100.0,12,0.1,1e-12,48,4485,True,8.109857303818418e-07,1.7413238516561336e-13,7.572587524372826e-10,3.959346496396607e-08,0.030305862426757812
100.0,12,1.0,1e-12,10,1145,True,5.7253000188524e-07,3.775783957799029e-13,5.521473229717997e-10,2.794093976783628e-08,0.008304595947265625
100.0,12,10.0,1e-12,5,909,True,3.8854204586417616e-08,3.3438595584040076e-12,4.353827819757325e-11,1.881696486185825e-09,0.0064046382904052734
100.0,12,100.0,1e-12,3,695,True,6.57320097128145e-08,2.942476238138837e-11,1.245333653574763e-10,3.0164620264690876e-09,0.004564523696899414
100.0,12,1000.0,1e-12,2,551,True,3.3388142459213426e-07,3.6851586884959737e-10,1.42452880341099e-09,1.1992097342017912e-08,0.003564596176147461
100.0,12,10000.0,1e-12,2,626,True,3.340204912495991e-09,3.753570108579329e-09,1.4241547711111549e-11,1.2916579233593762e-10,0.0035986900329589844
100.0,13,0.0001,0.01,500,12492,False,35.808430687370894,0.0003198380700931717,0.16071270438367438,0.4661683763120544,0.09815835952758789
100.0,13,0.001,0.01,500,11291,False,0.8567178263573015,5.399741560136663e-05,0.0017434697466107575,0.037520995197698796,0.08728194236755371
100.0,13,0.01,0.01,389,7865,True,9.651547377632126e-07,6.752587754832031e-10,1.6122241308044572e-09,4.343655742475134e-08,0.061846017837524414
100.0,13,0.1,0.01,46,871,True,8.289549709101004e-07,7.205703805990238e-09,1.3822838533853854e-09,3.730742887792286e-08,0.007230997085571289
100.0,13,1.0,0.01,10,190,True,7.208347911951302e-07,2.519150842690696e-07,1.1438178970494848e-09,3.366874777294302e-08,0.001161336898803711
100.0,13,10.0,0.01,8,234,True,2.4279836561121612e-08,6.918979661409853e-08,5.459455056697659e-11,1.1663956700242732e-09,0.002592325210571289
100.0,13,100.0,0.01,8,291,True,1.8229955385760106e-08,6.756106490477298e-07,3.3184970695483884e-11,5.569005104257691e-09,0.002040386199951172
100.0,13,1000.0,0.01,10,449,True,9.525862047845298e-11,2.4149088985912312e-08,2.998608886578915e-14,2.7446933531420644e-10,0.0026171207427978516
100.0,13,10000.0,0.01,11,490,True,1.1968107589403834e-11,6.59717760205713e-07,1.7309043166431134e-14,7.166503145635818e-09,0.0036644935607910156
100.0,13,0.0001,0.0001,500,21221,False,35.808050649442414,2.8419567206288413e-06,0.1607113327330517,0.4661674228021379,0.15369939804077148
100.0,13,0.001,0.0001,500,20177,False,0.8567737579195895,5.442745283153922e-07,0.0017435470088003626,0.03752379003987803,0.1485304832458496
100.0,13,0.01,0.0001,389,14465,True,9.668600273189483e-07,5.944256900327524e-12,1.6150503806273929e-09,4.351330164975636e-08,0.10655450820922852
100.0,13,0.1,0.0001,46,1608,True,8.202372231571924e-07,6.754532921808146e-11,1.3710528441584456e-09,3.691430043470815e-08,0.012075662612915039
100.0,13,1.0,0.0001,10,385,True,5.163208624093449e-07,1.54328335345254e-09,8.727586467471838e-10,2.323119078674836e-08,0.003595113754272461
100.0,13,10.0,0.0001,5,272,True,5.8348297466919414e-08,1.2752000512047306e-08,1.0151522217238507e-10,2.6160888420294165e-09,0.0019996166229248047
100.0,13,100.0,0.0001,4,269,True,1.8762109074458536e-07,2.0485006829679258e-07,7.068001503407931e-11,4.356991887036826e-09,0.0008556842803955078
100.0,13,1000.0,0.0001,4,340,True,8.10916481673129e-08,4.5992118522834136e-07,1.9091508928562983e-10,8.348366984814912e-09,0.003633737564086914
100.0,13,10000.0,0.0001,6,576,True,7.34931286797556e-12,4.745919925417409e-09,3.5349454353979078e-15,8.242003029822848e-11,0.0034618377685546875
100.0,13,0.0001,1e-06,500,29490,False,35.80804900031531,2.3306247189250096e-08,0.16071132474872626,0.46616740683711066,0.22885465621948242
100.0,13,0.001,1e-06,500,28454,False,0.8567733307878538,4.410511657874452e-09,0.0017435463486188288,0.03752376757296659,0.2176191806793213
100.0,13,0.01,1e-06,389,20387,True,9.668680268787944e-07,1.3915667989658367e-13,1.6150611073583693e-09,4.351366141724984e-08,0.15599846839904785
100.0,13,0.1,1e-06,46,2349,True,8.201673348456741e-07,4.126374632032327e-13,1.3709358252750669e-09,3.6911153991274616e-08,0.018006563186645508
100.0,13,1.0,1e-06,10,585,True,5.17872899746302e-07,1.8597562216340614e-11,8.752999068312244e-10,2.330130683321476e-08,0.004000186920166016
100.0,13,10.0,1e-06,5,426,True,4.801704889693875e-08,1.1144055973872296e-10,8.876260177751164e-11,2.155558530872276e-09,0.003002166748046875
100.0,13,100.0,1e-06,3,287,True,1.2112793241854507e-07,5.019953219284018e-08,2.474640989943709e-10,5.241854030582435e-09,0.001990795135498047
100.0,13,1000.0,1e-06,3,349,True,5.254491581049331e-09,2.1609641965567956e-07,1.8759589741646136e-12,3.6955821491065184e-09,0.0030002593994140625
100.0,13,10000.0,1e-06,4,593,True,1.4321853171517183e-11,2.551513799388537e-09,7.313680211168085e-16,4.550612337222009e-11,0.0039997100830078125
100.0,13,0.0001,1e-12,500,52004,False,35.808049031345625,2.2765412957773303e-13,0.160711324774791,0.4661674070434783,0.3680741786956787
100.0,13,0.001,1e-12,500,50760,False,0.8567733215571622,1.7368982608872182e-13,0.0017435463376596447,0.037523767121378705,0.34560227394104004
100.0,13,0.01,1e-12,389,37644,True,9.668682014187563e-07,1.1875906030800342e-13,1.6150612292530395e-09,4.3513668749668795e-08,0.2574632167816162
100.0,13,0.1,1e-12,46,4190,True,8.20167553348526e-07,1.548838017299508e-13,1.3709369223270985e-09,3.6911163651559145e-08,0.02820730209350586
100.0,13,1.0,1e-12,10,1128,True,5.178592238202344e-07,3.1324411428105803e-13,8.752917398883219e-10,2.3300690183367838e-08,0.0077631473541259766
100.0,13,10.0,1e-12,5,907,True,4.81618211557541e-08,3.5039185559106084e-12,8.895531725107593e-11,2.1609696749446547e-09,0.006140708923339844
100.0,13,100.0,1e-12,3,711,True,9.575237376681136e-08,2.4922320649361116e-11,2.679686109397316e-10,4.1526374739862975e-09,0.004809141159057617
100.0,13,1000.0,1e-12,2,570,True,5.010315141372495e-07,3.2264641270814523e-10,2.3094568903770107e-09,1.7872186712395392e-08,0.0036478042602539062
100.0,13,10000.0,1e-12,2,625,True,5.034242263097417e-09,4.234018028546974e-09,2.3199968787186655e-11,1.7760601340392278e-10,0.004782438278198242
100.0,14,0.0001,0.01,500,11553,False,26.367647185403275,0.00021406205102728428,0.05849189626890692,0.6144160040672437,0.08942317962646484
100.0,14,0.001,0.01,500,11236,False,0.8087823505053549,6.0112022638866425e-05,0.0018398051980077056,0.030570972219370517,0.08985495567321777
100.0,14,0.01,0.01,332,7033,True,9.77966194490045e-07,5.418220410077264e-10,6.323956199695865e-10,4.678132092974468e-08,0.05710148811340332
100.0,14,0.1,0.01,40,725,True,7.938466613458165e-07,7.80756085401992e-09,6.084496242060823e-10,3.7630110108896206e-08,0.005832195281982422
100.0,14,1.0,0.01,9,172,True,8.733252747144289e-07,3.510468654659164e-07,1.1990191782094291e-09,3.7321072260628554e-08,0.0014410018920898438
100.0,14,10.0,0.01,8,243,True,4.9682749219011484e-08,1.1247508572068829e-07,8.44260160631957e-11,1.3235256172183132e-09,0.0021359920501708984
100.0,14,100.0,0.01,8,310,True,1.5134965886022646e-08,7.253957889285513e-07,4.626332945400219e-12,9.457680916151397e-09,0.0019261837005615234
100.0,14,1000.0,0.01,10,447,True,4.360085532689986e-10,2.0534268863711843e-07,3.7242876387011735e-13,3.827031171166358e-09,0.004439592361450195
100.0,14,10000.0,0.01,10,518,True,1.1130372438576112e-10,4.0209505761581497e-07,1.2498886964635966e-13,8.073782983035988e-09,0.003389120101928711
100.0,14,0.0001,0.0001,500,20845,False,26.367767701642194,2.321425638423362e-06,0.05849190820605013,0.6144193490072315,0.1566314697265625
100.0,14,0.001,0.0001,500,20034,False,0.808757512502788,6.210290462271903e-07,0.0018398459631667188,0.030569644868295765,0.16038012504577637
100.0,14,0.01,0.0001,332,12598,True,9.783274369102415e-07,6.203386524551739e-12,6.320940922523305e-10,4.680042668929736e-08,0.09883880615234375
100.0,14,0.1,0.0001,40,1434,True,8.115114868819414e-07,7.865769321966944e-11,6.141050533269464e-10,3.850989793201687e-08,0.009933233261108398
100.0,14,1.0,0.0001,9,359,True,7.049723648982391e-07,2.9480662671601267e-09,9.071243277586212e-10,3.154233926545405e-08,0.002458333969116211
100.0,14,10.0,0.0001,5,269,True,2.1090433736480098e-08,9.69154484763326e-09,3.9539943405055624e-11,8.33171120944589e-10,0.0025260448455810547
100.0,14,100.0,0.0001,4,285,True,1.418453891816998e-07,4.354532282893385e-07,6.964148238332618e-11,6.568389049314974e-09,0.0020062923431396484
100.0,14,1000.0,0.0001,4,346,True,6.858379883539831e-08,3.507660860528857e-07,3.5264943386389776e-12,4.1546381190710405e-09,0.0029387474060058594
100.0,14,10000.0,0.0001,6,598,True,7.776342989309062e-12,3.560062685005576e-09,3.806767603442426e-15,8.045198897963304e-11,0.002338409423828125
100.0,14,0.0001,1e-06,500,29219,False,26.367768573750798,1.815986167897391e-08,0.05849190893570755,0.614419314151701,0.22058963775634766
100.0,14,0.001,1e-06,500,28106,False,0.8087568501960419,5.2972670877043235e-09,0.0018398446829545807,0.03056961589993318,0.20735454559326172
100.0,14,0.01,1e-06,332,18103,True,9.783642808976007e-07,1.4588293578339498e-13,6.321132847056645e-10,4.6802198674054474e-08,0.1284797191619873
100.0,14,0.1,1e-06,40,2077,True,8.119771902873559e-07,6.0173045555283e-13,6.1424162111472e-10,3.8533031831207267e-08,0.015484094619750977
100.0,14,1.0,1e-06,9,547,True,7.039055152297281e-07,2.4964288498196317e-11,9.054812316917853e-10,3.151131813411925e-08,0.003149747848510742
100.0,14,10.0,1e-06,5,419,True,2.226772362627934e-08,7.991553355086702e-11,4.1803859821886196e-11,9.292405803967064e-10,0.003135204315185547
100.0,14,100.0,1e-06,3,301,True,9.915490126355643e-08,4.2724520991510285e-08,2.3978353288133413e-10,3.751625589531473e-09,0.0025484561920166016
100.0,14,1000.0,1e-06,3,354,True,3.4397112367801714e-09,1.4467005156482728e-07,1.1363201296275642e-12,1.8772183092132855e-09,0.0020699501037597656
100.0,14,10000.0,1e-06,4,620,True,1.360821797829712e-11,3.5155650177292344e-09,1.1420302810327279e-14,6.494794078322689e-11,0.004796743392944336
100.0,14,0.0001,1e-12,500,51986,False,26.367768590401244,2.120205310497329e-13,0.05849190894063319,0.6144193144979561,0.3699655532836914
100.0,14,0.001,1e-12,500,51307,False,0.8087568532260597,1.6419429091837289e-13,0.0018398446883947687,0.03056961598034198,0.3588738441467285
100.0,14,0.01,1e-12,332,32277,True,9.783635724521962e-07,1.384131234530306e-13,6.321126502443973e-10,4.680216548899785e-08,0.2277064323425293
100.0,14,0.1,1e-12,40,3739,True,8.119811410298986e-07,2.0174714399440667e-13,6.142420969606704e-10,3.8533229060909373e-08,0.0267026424407959
100.0,14,1.0,1e-12,9,1012,True,7.039441465513782e-07,5.022199663732106e-13,9.055234233660568e-10,3.1513274325905615e-08,0.0061664581298828125
100.0,14,10.0,1e-12,5,916,True,2.2295157579216974e-08,3.0585176295257935e-12,4.177039199003926e-11,9.314753718131332e-10,0.0076694488525390625
100.0,14,100.0,1e-12,3,717,True,8.018404382098312e-08,3.641796836320522e-11,2.048283652086745e-10,2.9628948787359383e-09,0.005164146423339844
100.0,14,1000.0,1e-12,2,561,True,5.428756845582922e-07,3.2283949797223144e-10,1.594746311504515e-09,1.7759265093817176e-08,0.0037419795989990234
100.0,14,10000.0,1e-12,2,637,True,5.415648481423895e-09,5.2063082363097715e-09,1.590975073732038e-11,2.0023141838785725e-10,0.004721879959106445
100.0,15,0.0001,0.01,500,12493,False,34.42297836181703,0.00028790468905346274,0.1546684195724961,0.4738621730167357,0.09815645217895508
100.0,15,0.001,0.01,500,11542,False,0.8448227846116181,5.115670363170467e-05,0.0025448813837388993,0.02373025658383038,0.09787201881408691
100.0,15,0.01,0.01,305,6713,True,9.60933960826317e-07,4.944454489641063e-10,1.3530727878850743e-09,3.1121724049925495e-08,0.05825662612915039
100.0,15,0.1,0.01,37,696,True,9.669246789117913e-07,9.338979994378942e-09,1.6345000076446734e-09,3.087319794385967e-08,0.0064737796783447266
100.0,15,1.0,0.01,10,195,True,1.721052192835057e-07,6.833652874806112e-08,2.9927805666269946e-10,5.7064283515630835e-09,0.0019996166229248047
100.0,15,10.0,0.01,8,236,True,3.882521343085403e-08,1.3937444588680558e-07,6.05002629256871e-11,1.3835127160616777e-09,0.001806020736694336
100.0,15,100.0,0.01,8,287,True,2.579641284846831e-08,8.011936286962456e-07,1.8464449232810594e-11,7.575553895378735e-09,0.0026082992553710938
100.0,15,1000.0,0.01,10,437,True,9.845386206489265e-11,3.2059317525607913e-08,1.5454423181862236e-13,4.2339300908302954e-10,0.0030367374420166016
100.0,15,10000.0,0.01,10,460,True,7.830741180121333e-11,7.588039363865046e-07,1.0433365861172818e-13,7.805379198301594e-09,0.002992391586303711
100.0,15,0.0001,0.0001,500,20925,False,34.42264951513523,2.651112669595337e-06,0.1546676828872459,0.4738651516788936,0.15880131721496582
100.0,15,0.001,0.0001,500,20169,False,0.8449896036942464,4.6273199468801294e-07,0.0025452461108308416,0.02373508027820443,0.15426182746887207
100.0,15,0.01,0.0001,305,11907,True,9.615994408372088e-07,5.519153445501543e-12,1.3552877045126858e-09,3.1141084086529075e-08,0.08768081665039062
100.0,15,0.1,0.0001,37,1321,True,9.591637633800468e-07,1.0193879621540927e-10,1.6352781628484858e-09,3.0605226213197386e-08,0.010006189346313477
100.0,15,1.0,0.0001,9,351,True,4.939078648452062e-07,1.7682235821364983e-09,1.1730546238692435e-09,1.4877928545718663e-08,0.0029942989349365234
100.0,15,10.0,0.0001,5,270,True,1.7001172145528138e-08,7.441399794166047e-09,5.140432415084338e-11,4.716695123422572e-10,0.0019989013671875
100.0,15,100.0,0.0001,4,273,True,1.8377003861650688e-07,3.1787012797281423e-07,3.861795171765068e-10,5.51664830971238e-09,0.0019989013671875
100.0,15,1000.0,0.0001,4,325,True,1.3340177758842686e-07,4.2929429083907475e-07,1.9094450641394413e-10,7.111505082272227e-09,0.002000570297241211
100.0,15,10000.0,0.0001,5,408,True,2.4415586021917397e-11,7.608472712631584e-07,3.7168865880428165e-14,8.815228649388797e-09,0.0030028820037841797
100.0,15,0.0001,1e-06,500,29493,False,34.422651109240746,2.2997148539208642e-08,0.15466768986887566,0.47386514860341294,0.20691394805908203
100.0,15,0.001,1e-06,500,28614,False,0.8449893280063322,4.7693361415946125e-09,0.002545245246070659,0.023735071002568213,0.19748568534851074
100.0,15,0.01,1e-06,305,16821,True,9.61556697581309e-07,1.6676906139059673e-13,1.3552637947159207e-09,3.113965369067646e-08,0.12039899826049805
100.0,15,0.1,1e-06,37,1880,True,9.592992931462622e-07,6.68993191226845e-13,1.6354444446168983e-09,3.0609701323810903e-08,0.01299142837524414
100.0,15,1.0,1e-06,9,536,True,4.902374641166624e-07,2.0207437059418287e-11,1.1675434157148678e-09,1.4759453331245024e-08,0.003999471664428711
100.0,15,10.0,1e-06,5,413,True,2.072519438554447e-08,6.314317981866441e-11,5.86298647332831e-11,6.0079635866442e-10,0.0030066967010498047
100.0,15,100.0,1e-06,3,296,True,1.1264475804853876e-07,3.829496918086367e-08,3.6904010540806516e-10,3.0448598360964585e-09,0.0022208690643310547
100.0,15,1000.0,1e-06,3,340,True,5.60452304180314e-09,2.811259149712554e-07,1.3163429928179706e-11,3.1696224576567395e-09,0.0015749931335449219
100.0,15,10000.0,1e-06,4,592,True,1.3853577609606073e-11,2.3073337095308433e-09,9.34655691730065e-15,3.314152683031982e-11,0.004927396774291992
100.0,15,0.0001,1e-12,500,51984,False,34.422651101788766,2.3993413416793957e-13,0.15466768982684703,0.4738651486913644,0.3588728904724121
100.0,15,0.001,1e-12,500,51122,False,0.8449893403503485,2.007740345190743e-13,0.0025452452717156545,0.023735071335203573,0.3474607467651367
100.0,15,0.01,1e-12,305,30134,True,9.615565589981373e-07,1.656881680835091e-13,1.3552627079069768e-09,3.1139649128454965e-08,0.21419048309326172
100.0,15,0.1,1e-12,37,3386,True,9.592929971954014e-07,1.630249765503795e-13,1.635439010572179e-09,3.06094877428755e-08,0.025423288345336914
100.0,15,1.0,1e-12,9,1009,True,4.902509622430947e-07,2.625409155193162e-13,1.1675512407392636e-09,1.4759947868435183e-08,0.00700068473815918
100.0,15,10.0,1e-12,5,895,True,2.064252876170718e-08,2.252877282155041e-12,5.842532729004635e-11,5.986030851807123e-10,0.007013559341430664
100.0,15,100.0,1e-12,3,693,True,8.096738230009427e-08,4.613289856452804e-11,2.902325458228514e-10,2.221330797807453e-09,0.004000663757324219
100.0,15,1000.0,1e-12,2,547,True,5.520069244732092e-07,4.467630756615214e-10,2.533191887251276e-09,1.3673682228712898e-08,0.004520893096923828
100.0,15,10000.0,1e-12,2,619,True,5.525722974187417e-09,4.310811474525835e-09,2.5399811827236452e-11,1.4977771294958248e-10,0.004319667816162109
100.0,16,0.0001,0.01,500,12199,False,32.64220503724818,0.0002652814472481,0.10971526706902568,0.5204940364505799,0.10246849060058594
100.0,16,0.001,0.01,500,11458,False,0.5799631274963882,4.335246698878897e-05,0.0013229134111584111,0.019943668847283148,0.09600114822387695
100.0,16,0.01,0.01,342,7260,True,9.936040731467971e-07,4.980086979317191e-10,3.3282860801365324e-10,4.739810013151161e-08,0.06327438354492188
100.0,16,0.1,0.01,40,738,True,9.79933076255515e-07,7.405829993632793e-09,4.849206415436072e-10,4.618469465089763e-08,0.006148815155029297
100.0,16,1.0,0.01,9,173,True,9.855055859214246e-07,3.489540609226281e-07,7.742547148542419e-10,4.2286927422242304e-08,0.0022406578063964844
100.0,16,10.0,0.01,8,247,True,1.4532050198674092e-08,1.0253598197064951e-07,2.6390138936582394e-11,1.1115115391339434e-09,0.002001523971557617
100.0,16,100.0,0.01,9,335,True,1.1421465192797453e-09,1.8769636899421244e-07,2.817704372712149e-12,2.292283456545096e-09,0.0029990673065185547
100.0,16,1000.0,0.01,10,454,True,5.661502268726919e-11,1.7709698006077618e-08,7.195322960791463e-14,1.975617877971348e-10,0.0032913684844970703
100.0,16,10000.0,0.01,10,472,True,1.5499636574649852e-10,5.798619101949309e-07,1.3516076279939766e-14,6.5723708255364394e-09,0.0036079883575439453
100.0,16,0.0001,0.0001,500,20832,False,32.64203675387784,2.8624466883193148e-06,0.10971460404642824,0.5204944643910263,0.1585862636566162
100.0,16,0.001,0.0001,500,20828,False,0.5800298986030579,3.0145031029747977e-07,0.0013229701830311624,0.019946544570786852,0.15434026718139648
100.0,16,0.01,0.0001,342,13072,True,9.949604161979385e-07,5.481445117036193e-12,3.331148308054637e-10,4.746377125071823e-08,0.0965890884399414
100.0,16,0.1,0.0001,41,1445,True,7.130615099906068e-07,4.921408243508951e-11,3.217680847684543e-10,3.374793316922528e-08,0.010892391204833984
100.0,16,1.0,0.0001,9,344,True,5.651680405805376e-07,1.7609729687948127e-09,6.277961024114357e-10,2.364297536276325e-08,0.002801179885864258
100.0,16,10.0,0.0001,5,277,True,2.3482554140336878e-08,8.440468802484052e-09,2.5155008083589073e-11,1.0042730172011754e-09,0.001995563507080078
100.0,16,100.0,0.0001,4,286,True,7.992326885019749e-08,3.359637297849952e-07,8.076272985502067e-11,4.415334860806548e-09,0.0018162727355957031
100.0,16,1000.0,0.0001,4,347,True,1.3035991433771327e-07,2.459716346136801e-07,5.4149376893991626e-11,3.1879839095097485e-09,0.0029878616333007812
100.0,16,10000.0,0.0001,5,413,True,8.702692605693944e-12,8.885556418340968e-07,3.975316552923461e-15,1.028372841583211e-08,0.0029997825622558594
100.0,16,0.0001,1e-06,500,29012,False,32.64203413458602,2.018425478292498e-08,0.10971459674436684,0.5204944331285697,0.21391057968139648
100.0,16,0.001,1e-06,500,28826,False,0.5800281985012761,2.451830926044025e-09,0.0013229679840349208,0.01994648038365391,0.21870660781860352
100.0,16,0.01,1e-06,342,18607,True,9.950460345493603e-07,1.7395310963526771e-13,3.331259616918119e-10,4.7467892895455456e-08,0.14165091514587402
100.0,16,0.1,1e-06,41,2058,True,7.14713862444718e-07,6.397253815236637e-13,3.220944582574493e-10,3.382788308061794e-08,0.016008853912353516
100.0,16,1.0,1e-06,9,518,True,5.715795361155511e-07,1.7088169059430163e-11,6.2975990878858e-10,2.4021988688742436e-08,0.0039958953857421875
100.0,16,10.0,1e-06,4,335,True,9.351683514498253e-07,4.379930110699855e-09,2.1766003018423188e-09,3.351225674988392e-08,0.0030024051666259766
100.0,16,100.0,1e-06,3,302,True,5.973340723650189e-08,2.8798162833210137e-08,1.6607481197320696e-10,1.9221612334859283e-09,0.0019974708557128906
100.0,16,1000.0,1e-06,3,355,True,3.0542216166615615e-09,1.3617419337461578e-07,1.85885802014701e-12,1.626879402076247e-09,0.0020112991333007812
100.0,16,10000.0,1e-06,4,610,True,1.1852025097171733e-11,3.1572269034174794e-09,1.2721012969355074e-14,5.3329677186761265e-11,0.0049896240234375
100.0,16,0.0001,1e-12,500,52008,False,32.642034142604324,1.7288944486283842e-13,0.10971459678859641,0.5204944328468849,0.37897658348083496
100.0,16,0.001,1e-12,500,50687,False,0.5800281957427609,1.769929945463315e-13,0.0013229679708635046,0.019946480445421726,0.37061238288879395
100.0,16,0.01,1e-12,342,33122,True,9.950454202252682e-07,1.407965475137788e-13,3.3312616045763956e-10,4.746786359992395e-08,0.2446155548095703
100.0,16,0.1,1e-12,41,3698,True,7.147063619141268e-07,1.2742976214910256e-13,3.220918743016899e-10,3.382752268907462e-08,0.027800798416137695
100.0,16,1.0,1e-12,9,996,True,5.715033855813873e-07,3.078484692040761e-13,6.297133975849108e-10,2.4018566074118624e-08,0.0068149566650390625
100.0,16,10.0,1e-12,4,728,True,9.355216116779811e-07,3.4444210485504586e-12,2.1778087980744075e-09,3.3508099559767626e-08,0.0050389766693115234
100.0,16,100.0,1e-12,3,715,True,6.071354768273351e-08,2.580579935669063e-11,1.8882316341565616e-10,1.9548705582600863e-09,0.005014896392822266
100.0,16,1000.0,1e-12,2,566,True,4.654951658090109e-07,4.755822621719992e-10,1.8693739250244586e-09,1.1927614783621418e-08,0.003344297409057617
100.0,16,10000.0,1e-12,2,634,True,4.651626501619675e-09,6.161694927969873e-09,1.8674645804840895e-11,1.6269742755561046e-10,0.004685401916503906
100.0,17,0.0001,0.01,500,12045,False,26.492104292625637,0.0002150228019930141,0.07435124008975567,0.5641094245077382,0.09791898727416992
100.0,17,0.001,0.01,500,11384,False,0.9491595821142463,7.47254084060614e-05,0.0024294157236320873,0.03603730344719633,0.09610390663146973
100.0,17,0.01,0.01,353,7448,True,9.820925606807038e-07,7.059413273661208e-10,1.0744416886250183e-09,4.4646146368064795e-08,0.06037187576293945
100.0,17,0.1,0.01,42,824,True,9.391355664950704e-07,8.225877150427259e-09,1.033063868116939e-09,4.2693247852050294e-08,0.00743865966796875
100.0,17,1.0,0.01,10,191,True,2.479156451378371e-07,8.816720913680763e-08,2.4716523713991915e-10,1.1500445338732835e-08,0.0010349750518798828
100.0,17,10.0,0.01,8,226,True,5.879433977178162e-08,3.143624378800385e-07,1.1130783219637901e-10,2.8904220764533856e-09,0.00200653076171875
100.0,17,100.0,0.01,9,320,True,6.088785869389005e-10,2.3855351827968533e-07,4.0933624199817803e-13,2.4606469446982194e-09,0.003000020980834961
100.0,17,1000.0,0.01,10,418,True,4.853856824520462e-10,1.3938508132234316e-07,1.8867561637317248e-14,2.581898998472844e-09,0.0031414031982421875
100.0,17,10000.0,0.01,10,451,True,1.9795251553652952e-10,7.447628702665952e-07,1.3440891528298382e-13,7.937906140374306e-09,0.003546476364135742
100.0,17,0.0001,0.0001,500,21277,False,26.491965994099193,2.06746273366835e-06,0.07435071866831044,0.5641086232927157,0.154465913772583
100.0,17,0.001,0.0001,500,19797,False,0.9491190962161739,7.425206908992536e-07,0.0024293946067040096,0.03603452492586483,0.1470346450805664
100.0,17,0.01,0.0001,353,13265,True,9.810663518020113e-07,6.2661078979250225e-12,1.0731586944336806e-09,4.4599486711521934e-08,0.09920096397399902
100.0,17,0.1,0.0001,42,1472,True,9.341076812697864e-07,7.448792965610648e-11,1.0339317759522556e-09,4.246366107413055e-08,0.010999917984008789
100.0,17,1.0,0.0001,10,395,True,2.3131006883840558e-07,8.693878335514245e-10,3.069074843083205e-10,1.0483948745266083e-08,0.003247499465942383
100.0,17,10.0,0.0001,5,262,True,4.2030128614859834e-08,1.5245318055390364e-08,8.896486570546793e-11,1.7228075587245825e-09,0.0024099349975585938
100.0,17,100.0,0.0001,4,272,True,3.1563087505578143e-07,3.8543228866381513e-07,5.569174106699575e-10,1.0289450391437696e-08,0.001997709274291992
100.0,17,1000.0,0.0001,4,329,True,8.985502642576447e-08,4.5053927561515347e-07,1.3357694566030975e-10,6.348310899312618e-09,0.002546548843383789
100.0,17,10000.0,0.0001,6,562,True,7.219882910079651e-12,3.243982980634559e-09,4.3125855171010854e-15,5.923049710283895e-11,0.003689289093017578
100.0,17,0.0001,1e-06,500,29491,False,26.491965535282358,1.81970399286232e-08,0.07435071440145917,0.56410859699004,0.21650338172912598
100.0,17,0.001,1e-06,500,28222,False,0.949117989267423,5.155619058978135e-09,0.002429391459400842,0.0360344893980983,0.20729494094848633
100.0,17,0.01,1e-06,353,19106,True,9.81055652350456e-07,1.6599404793802568e-13,1.0731502489537096e-09,4.4599000255158565e-08,0.14030146598815918
100.0,17,0.1,1e-06,42,2074,True,9.34154353148821e-07,8.945062913317644e-13,1.0340300669638328e-09,4.2465775274687467e-08,0.015079975128173828
100.0,17,1.0,1e-06,10,567,True,2.31600360991843e-07,8.728829418140274e-12,3.0732131282689897e-10,1.0497185225001713e-08,0.00417017936706543
100.0,17,10.0,1e-06,5,417,True,3.1799377960904136e-08,1.0884664052523087e-10,6.442068369020316e-11,1.3780535523218438e-09,0.003086566925048828
100.0,17,100.0,1e-06,3,297,True,1.385458910844191e-07,5.001202101252933e-08,3.165520427441274e-10,5.764101477418246e-09,0.00045299530029296875
100.0,17,1000.0,1e-06,3,335,True,5.006370872854546e-09,2.6542965188865966e-07,8.861464782326667e-12,4.4181387285656135e-09,0.003770589828491211
100.0,17,10000.0,1e-06,4,594,True,1.773669125512814e-11,4.236280816731848e-09,1.9406634826954884e-14,7.721637169111421e-11,0.0045583248138427734
100.0,17,0.0001,1e-12,500,51704,False,26.491965529583407,2.3244630920374597e-13,0.07435071438423956,0.5641085971092135,0.3757510185241699
100.0,17,0.001,1e-12,500,50817,False,0.9491179964341118,2.0292957595477974e-13,0.002429391463022156,0.03603448988194028,0.37346434593200684
100.0,17,0.01,1e-12,353,34204,True,9.810555328380566e-07,1.817890788532406e-13,1.073150428644773e-09,4.459899411664799e-08,0.24422168731689453
100.0,17,0.1,1e-12,42,3821,True,9.341556635328476e-07,2.0971918983188127e-13,1.0340297075817064e-09,4.246583639083858e-08,0.027339935302734375
100.0,17,1.0,1e-12,10,1103,True,2.3160497876775475e-07,4.03660938845823e-13,3.073225706643415e-10,1.0497393178059288e-08,0.007754802703857422
100.0,17,10.0,1e-12,5,877,True,3.184712620404507e-08,3.5277126703934433e-12,6.451286520563119e-11,1.3799275289108333e-09,0.006692647933959961
100.0,17,100.0,1e-12,3,687,True,9.398298478550336e-08,4.768077984335608e-11,2.579157940697993e-10,3.6024533124245323e-09,0.004828929901123047
100.0,17,1000.0,1e-12,2,546,True,5.724566642415499e-07,5.006780356842061e-10,1.866587638796749e-09,1.948718996907477e-08,0.0038330554962158203
100.0,17,10000.0,1e-12,2,613,True,5.716071304175191e-09,4.8096611244948644e-09,1.8650315141893282e-11,2.0204246456846238e-10,0.004290342330932617
100.0,18,0.0001,0.01,500,12063,False,19.32520698212957,0.00014579078894821546,0.0500887548210386,0.5639054548492859,0.09513711929321289
100.0,18,0.001,0.01,500,11313,False,0.8390660915156357,4.653806009043069e-05,0.0018670693818134611,0.048415591902825385,0.08688569068908691
100.0,18,0.01,0.01,353,7452,True,9.733307960223477e-07,6.161193171850636e-10,1.1991990116942674e-09,6.36752380111004e-08,0.0586695671081543
100.0,18,0.1,0.01,42,803,True,9.546039375235516e-07,7.945186226713878e-09,1.2296950386230586e-09,6.239297806035006e-08,0.003988504409790039
100.0,18,1.0,0.01,10,192,True,4.040985771177679e-07,1.4516758534500888e-07,4.691660010981813e-10,2.8601863362793806e-08,0.0035517215728759766
100.0,18,10.0,0.01,8,249,True,2.1553375777104837e-08,8.981613266596155e-08,2.568169788779038e-11,1.6783781406915949e-09,0.00205230712890625
100.0,18,100.0,0.01,8,301,True,1.882024447452683e-08,9.347786190622565e-07,1.155124700497011e-11,1.616668024329018e-08,0.0020079612731933594
100.0,18,1000.0,0.01,10,445,True,2.744693875301084e-10,4.7593193116445735e-08,1.899480883029013e-13,6.01837871771607e-10,0.002963542938232422
100.0,18,10000.0,0.01,10,463,True,3.0962045413512706e-10,6.891260675995932e-07,3.54592872872022e-13,1.945147320594921e-08,0.0034682750701904297
100.0,18,0.0001,0.0001,500,20900,False,19.325107627159575,1.924185414190621e-06,0.050088467927297216,0.563902126669298,0.15076947212219238
100.0,18,0.001,0.0001,500,20051,False,0.8390083046567789,6.190282811271848e-07,0.001866924235362606,0.04841299078451471,0.14869356155395508
100.0,18,0.01,0.0001,353,13304,True,9.708884862262006e-07,5.9361279117146725e-12,1.1961563760754301e-09,6.352200203418584e-08,0.09551167488098145
100.0,18,0.1,0.0001,42,1517,True,9.008361311122787e-07,8.333014190811903e-11,1.1729530154711539e-09,5.8877890057998004e-08,0.012158632278442383
100.0,18,1.0,0.0001,10,406,True,2.164849937697436e-07,8.013420579273967e-10,3.5783793492072956e-10,1.3943363245593422e-08,0.0029997825622558594
100.0,18,10.0,0.0001,5,279,True,2.55606803053515e-08,7.136361626376574e-09,5.23702130757459e-11,1.5713197987741802e-09,0.002079486846923828
100.0,18,100.0,0.0001,4,287,True,1.4430341292656492e-07,2.8284439931993766e-07,1.3405505453837472e-10,8.058374384398421e-09,0.001928091049194336
100.0,18,1000.0,0.0001,4,348,True,3.790851307250433e-08,2.657804325671948e-07,5.2229022951715395e-11,4.022114430311785e-09,0.002170562744140625
100.0,18,10000.0,0.0001,5,440,True,9.587687535462065e-12,4.1236711361453626e-07,5.1993089863932844e-15,9.347525509460962e-09,0.0024471282958984375
100.0,18,0.0001,1e-06,500,29350,False,19.325109910696586,1.550025331834716e-08,0.05008847198610057,0.5639021669450535,0.20690441131591797
100.0,18,0.001,1e-06,500,28264,False,0.8390083157619023,5.768157791398258e-09,0.0018669249337422234,0.04841298090891334,0.20000672340393066
100.0,18,0.01,1e-06,353,19354,True,9.708890751662298e-07,1.6408608977922822e-13,1.1961540652714363e-09,6.352207498108096e-08,0.13867998123168945
100.0,18,0.1,1e-06,42,2166,True,9.010372140189935e-07,6.584823826286087e-13,1.1731399595142646e-09,5.889108843233874e-08,0.018335342407226562
100.0,18,1.0,1e-06,10,604,True,2.172935737917924e-07,6.5798992388783715e-12,3.587799341688643e-10,1.399889924693622e-08,0.004537343978881836
100.0,18,10.0,1e-06,5,439,True,3.0380586195929414e-08,1.06213516912151e-10,6.274687841058991e-11,1.868981582377122e-09,0.0029993057250976562
100.0,18,100.0,1e-06,3,307,True,8.804601343573269e-08,3.6054749923911435e-08,2.153175965711087e-10,4.843249798227521e-09,0.0030002593994140625
100.0,18,1000.0,1e-06,3,357,True,4.2077448834785695e-09,2.1984128552497076e-07,2.2078576760219838e-12,4.194795399583078e-09,0.001998424530029297
100.0,18,10000.0,1e-06,4,599,True,7.84057303602519e-12,2.4962447786447753e-09,2.8885049924407133e-15,6.395983684629381e-11,0.0037436485290527344
100.0,18,0.0001,1e-12,500,51985,False,19.325109908282318,1.718488341434742e-13,0.05008847196887907,0.5639021666298277,0.36954665184020996
100.0,18,0.001,1e-12,500,51035,False,0.8390083000151332,1.9493493219557756e-13,0.0018669248924454986,0.04841298017944937,0.3537747859954834
100.0,18,0.01,1e-12,353,34261,True,9.708889313051452e-07,1.3937064804340752e-13,1.1961541808116359e-09,6.352206621704638e-08,0.23694229125976562
100.0,18,0.1,1e-12,42,3898,True,9.010368129862788e-07,1.894361366503067e-13,1.1731394973534658e-09,5.88910535444154e-08,0.02599930763244629
100.0,18,1.0,1e-12,10,1124,True,2.1729919114722793e-07,3.7926244817655894e-13,3.5878536455825013e-10,1.3999284780544292e-08,0.006998300552368164
100.0,18,10.0,1e-12,5,909,True,3.031413691232159e-08,2.408929215818256e-12,6.260303086196637e-11,1.8665330097133684e-09,0.005916118621826172
100.0,18,100.0,1e-12,3,722,True,8.191303991225833e-08,3.1188272908738006e-11,1.9780563066373793e-10,4.770734144625647e-09,0.004647970199584961
100.0,18,1000.0,1e-12,2,569,True,4.422174168667737e-07,4.870268321160629e-10,1.265307878835659e-09,2.4145843968358297e-08,0.0026395320892333984
100.0,18,10000.0,1e-12,2,636,True,4.434512398782046e-09,4.121383555774336e-09,1.2693130798581773e-11,2.606130315107795e-10,0.005774021148681641
100.0,19,0.0001,0.01,500,12305,False,31.495720713419296,0.00027331775393809997,0.09671669664625773,0.5295739213105664,0.09741878509521484
100.0,19,0.001,0.01,500,11324,False,0.8899794435845652,6.720402851526808e-05,0.0017719165001874523,0.03986274673822525,0.08820128440856934
100.0,19,0.01,0.01,395,8326,True,9.82059138290806e-07,6.807544995086996e-10,1.079329114556482e-09,4.867246902588613e-08,0.06576418876647949
100.0,19,0.1,0.01,47,884,True,7.184911141588545e-07,6.503978431828115e-09,7.942430803870827e-10,3.560972593227551e-08,0.007056713104248047
100.0,19,1.0,0.01,10,195,True,7.21219758169348e-07,2.5566588433552e-07,7.890081947816598e-10,3.647807939294899e-08,0.0017261505126953125
100.0,19,10.0,0.01,8,241,True,2.428131937250009e-08,1.1554931997488077e-07,1.7704769458697846e-11,1.611562014766546e-09,0.001990079879760742
100.0,19,100.0,0.01,8,309,True,1.654227633462521e-08,4.235212410363137e-07,4.992588152122883e-12,5.080286662811313e-09,0.0026464462280273438
100.0,19,1000.0,0.01,10,449,True,1.7195989534863325e-10,4.379850088633226e-08,1.5572292331451566e-14,6.106216011069673e-10,0.002494335174560547
100.0,19,10000.0,0.01,10,481,True,1.834686254458671e-10,4.772613641886197e-07,2.558305168738472e-14,4.762597032463496e-09,0.0029091835021972656
100.0,19,0.0001,0.0001,500,21037,False,31.495901310968094,2.4047946860696357e-06,0.09671702852278932,0.5295735569711297,0.1536860466003418
100.0,19,0.001,0.0001,500,19976,False,0.8900010452024048,5.714152389644716e-07,0.001771898277968887,0.03986533855044709,0.14423298835754395
100.0,19,0.01,0.0001,395,14664,True,9.829825290819396e-07,7.096071641112074e-12,1.080477385731494e-09,4.871820068112652e-08,0.10544466972351074
100.0,19,0.1,0.0001,47,1690,True,7.144349094291257e-07,5.949396672152169e-11,7.896561133733077e-10,3.5407739802104237e-08,0.012031316757202148
100.0,19,1.0,0.0001,10,401,True,5.48065522733978e-07,1.971924226830368e-09,6.519349453783824e-10,2.7109403431000904e-08,0.0036072731018066406
100.0,19,10.0,0.0001,5,274,True,5.993330781112484e-08,1.6256905971057246e-08,8.141750584180432e-11,2.9022694448059245e-09,0.0015766620635986328
100.0,19,100.0,0.0001,4,283,True,1.884189962542733e-07,3.445643235191778e-07,5.788258136487051e-12,7.841526847663437e-09,0.0022017955780029297
100.0,19,1000.0,0.0001,4,355,True,4.7846447354267636e-08,3.077293110647013e-07,2.800769468027823e-11,2.9975657026041005e-09,0.003345012664794922
100.0,19,10000.0,0.0001,6,593,True,7.502532604085946e-12,3.5967181664027097e-09,1.1493834816071395e-14,6.208199274799724e-11,0.003659963607788086
100.0,19,0.0001,1e-06,500,29513,False,31.495900923731263,1.9561950670316434e-08,0.09671702474994101,0.5295735962329624,0.21220779418945312
100.0,19,0.001,1e-06,500,28315,False,0.8900018086281096,5.331550238966693e-09,0.0017718996614378478,0.03986537286305839,0.21752262115478516
100.0,19,0.01,1e-06,395,21343,True,9.82982571151354e-07,1.9030412823529572e-13,1.080478868806954e-09,4.8718201877943384e-08,0.16138505935668945
100.0,19,0.1,1e-06,47,2413,True,7.142907341766977e-07,5.489436783134525e-13,7.895289396526008e-10,3.540058545315374e-08,0.018007755279541016
100.0,19,1.0,1e-06,10,599,True,5.464580718348185e-07,1.845839639090445e-11,6.513863928425638e-10,2.7029752533803854e-08,0.004992961883544922
100.0,19,10.0,1e-06,5,440,True,4.777265730128927e-08,1.386189165217069e-10,7.196160209239539e-11,2.323462831345973e-09,0.004001140594482422
100.0,19,100.0,1e-06,3,300,True,1.1126106937104737e-07,4.6473949687664754e-08,2.5359941522850173e-10,4.7240892738961644e-09,0.001997709274291992
100.0,19,1000.0,1e-06,3,356,True,5.109028638490176e-09,1.6029203061104948e-07,5.365025477050099e-12,1.8021418846299433e-09,0.0030100345611572266
100.0,19,10000.0,1e-06,3,407,True,3.115852052977565e-10,8.142103858860304e-07,1.9428288527811003e-13,1.1369759222417059e-08,0.0030031204223632812
100.0,19,0.0001,1e-12,500,51740,False,31.495900964444704,1.5166490741905936e-13,0.09671702482045309,0.5295735967604883,0.36969900131225586
100.0,19,0.001,1e-12,500,51059,False,0.8900018248274761,2.0937188087769483e-13,0.0017718996788814107,0.03986537374285718,0.3453946113586426
100.0,19,0.01,1e-12,395,38397,True,9.829824855132107e-07,1.711792267992349e-13,1.080478127269224e-09,4.871819812702428e-08,0.2620217800140381
100.0,19,0.1,1e-12,47,4362,True,7.142910055121694e-07,1.567534657256484e-13,7.895291250370333e-10,3.540059825817232e-08,0.029546260833740234
100.0,19,1.0,1e-12,10,1113,True,5.464715059338478e-07,5.235140333939504e-13,6.513919543755393e-10,2.7030420571073252e-08,0.007869482040405273
100.0,19,10.0,1e-12,5,905,True,4.785049121702477e-08,3.495429591247588e-12,7.205577738411416e-11,2.3281709426001267e-09,0.005823850631713867
100.0,19,100.0,1e-12,3,717,True,9.860793365593374e-08,4.7203689406371197e-11,2.3611432632233683e-10,4.427779032153479e-09,0.0039975643157958984
100.0,19,1000.0,1e-12,2,577,True,5.393205112735218e-07,3.731432945031696e-10,1.8518151071744714e-09,1.9700288914143944e-08,0.004717826843261719
100.0,19,10000.0,1e-12,2,651,True,5.389418631729361e-09,6.503824499993059e-09,1.8477081004564837e-11,2.316391110716867e-10,0.002371072769165039
1000.0,0,0.0001,0.01,500,30439,False,23.4759299709186,0.00017323454965498754,0.009675967706101232,0.7376488955934887,0.21813178062438965
1000.0,0,0.001,0.01,500,25678,False,2.3578918746178856,0.00020255284042270777,0.001238906287284135,0.1356998851688095,0.1837308406829834
1000.0,0,0.01,0.01,500,23589,False,0.0004340024189735934,3.125219099608985e-07,4.9054485642112393e-08,4.956094242267617e-05,0.17051196098327637
1000.0,0,0.1,0.01,93,4183,True,9.904021914923937e-07,8.681728210239441e-09,9.881149505052545e-11,1.1336166484000627e-07,0.031725406646728516
1000.0,0,1.0,0.01,16,582,True,5.286894577841404e-07,1.0302551814933071e-07,4.932717919789775e-11,6.061111725483456e-08,0.004730701446533203
1000.0,0,10.0,0.01,8,331,True,9.605992503270838e-08,5.535873263380605e-07,9.44040407251388e-12,8.211464819526564e-09,0.003471851348876953
1000.0,0,100.0,0.01,9,544,True,1.933319934987911e-09,5.302374076168884e-07,8.73950049191538e-14,7.0613925036638085e-09,0.0035886764526367188
1000.0,0,1000.0,0.01,10,821,True,1.62963183545882e-10,6.709209155800867e-08,3.4652882249739284e-14,9.661679674281175e-10,0.006989955902099609
1000.0,0,10000.0,0.01,10,952,True,1.3845257885304386e-10,7.149268696245254e-07,6.102394358444654e-15,1.0563025477681077e-08,0.006334781646728516
1000.0,0,0.0001,0.0001,500,49402,False,23.471418106504586,2.2045729922927264e-06,0.009674023543988572,0.7376689701237188,0.35746002197265625
1000.0,0,0.001,0.0001,500,45451,False,2.3588288298162574,2.092159679318453e-06,0.0012393284946699945,0.1357858472103957,0.31453371047973633
1000.0,0,0.01,0.0001,500,42866,False,0.0004401394346551235,2.4571576339140576e-09,4.968988546783938e-08,5.026382109342725e-05,0.2936227321624756
1000.0,0,0.1,0.0001,95,7594,True,8.818050131762695e-07,6.058481368092591e-11,8.745799034663916e-11,1.00933647828773e-07,0.05245018005371094
1000.0,0,1.0,0.0001,15,1107,True,7.384013141338618e-07,1.3978516031321663e-09,8.169079179259765e-11,8.438232890755172e-08,0.007398843765258789
1000.0,0,10.0,0.0001,5,390,True,9.586765386310853e-07,6.172241699262564e-08,2.007504672097538e-10,1.0386209423128819e-07,0.0035207271575927734
1000.0,0,100.0,0.0001,4,473,True,1.4816280700281598e-07,3.9768943422288716e-07,2.2354378190916722e-12,7.775357522689063e-09,0.0036399364471435547
1000.0,0,1000.0,0.0001,4,642,True,1.6139305161505997e-07,7.582122410808331e-07,2.4670018907290807e-11,2.1034088087617574e-08,0.0036373138427734375
1000.0,0,10000.0,0.0001,5,853,True,9.694148263009901e-12,5.266013588874225e-07,8.717706226349506e-16,6.2999996546008795e-09,0.005741596221923828
1000.0,0,0.0001,1e-06,500,67805,False,23.47142797043036,1.1898200528320721e-08,0.009674018858675231,0.7376692721972644,0.4560391902923584
1000.0,0,0.001,1e-06,500,63526,False,2.3588320171454993,2.050874160275656e-08,0.0012393321712488292,0.1357849216998293,0.43057680130004883
1000.0,0,0.01,1e-06,500,59519,False,0.0004400373262815394,3.180884803596407e-11,4.9680176558415095e-08,5.025210199981111e-05,0.4295649528503418
1000.0,0,0.1,1e-06,95,10566,True,8.843038050037355e-07,1.4056541475201708e-12,8.770491937550052e-11,1.0121968559810594e-07,0.0711214542388916
1000.0,0,1.0,1e-06,15,1637,True,7.253782963431048e-07,8.143363267494014e-12,8.052392681420077e-11,8.288572424329788e-08,0.011634111404418945
1000.0,0,10.0,1e-06,5,604,True,9.905071886061454e-07,1.4577681351713501e-09,2.0746658808653344e-10,1.0749744573508155e-07,0.003637075424194336
1000.0,0,100.0,1e-06,3,533,True,4.666013001616134e-07,5.695973226774399e-08,1.894815242562631e-10,4.156422364257725e-08,0.003640413284301758
1000.0,0,1000.0,1e-06,3,638,True,6.970226019863776e-09,3.078076500503727e-07,1.0014465027518994e-12,5.6581979283542694e-09,0.0036749839782714844
1000.0,0,10000.0,1e-06,4,1137,True,1.3883960923328356e-11,3.5404765619041207e-09,6.538279669762129e-16,6.149232644748641e-11,0.00510406494140625
1000.0,1,0.0001,0.01,500,29964,False,24.60964119344627,0.00019635196995903886,0.00887137405274381,0.6858912877197133,0.2034292221069336
1000.0,1,0.001,0.01,500,26678,False,2.281602533123271,0.00012202663133361741,0.0008184382710392821,0.16192261964408575,0.18758773803710938
1000.0,1,0.01,0.01,500,23793,False,7.234964713303163e-05,5.209741821431618e-08,1.563791476842155e-08,6.395770718963752e-06,0.16366171836853027
1000.0,1,0.1,0.01,76,3461,True,9.68434626074209e-07,6.269887931348261e-09,2.0729377702752618e-10,8.561879099384132e-08,0.02326798439025879
1000.0,1,1.0,0.01,12,416,True,7.101303181072828e-07,1.6054191775030655e-07,1.4662425521918044e-10,6.250854428207491e-08,0.003632783889770508
1000.0,1,10.0,0.01,8,313,True,5.897787967556403e-08,4.823542282747929e-07,8.803708649270847e-12,5.9930383776528e-09,0.0020112991333007812
1000.0,1,100.0,0.01,9,526,True,1.325683872338049e-09,5.586812359957069e-07,1.2985283912965778e-13,8.381049016469988e-09,0.003999233245849609
1000.0,1,1000.0,0.01,10,779,True,3.668578697655332e-10,4.1920029475296624e-08,9.415311598525034e-15,7.240408647491793e-10,0.004892826080322266
1000.0,1,10000.0,0.01,10,925,True,1.5860573693677773e-10,5.031149130944451e-07,3.530741849446888e-15,8.399242627619439e-09,0.00574183464050293
1000.0,1,0.0001,0.0001,500,49740,False,24.604863695737247,2.3717467343737004e-06,0.00886919060316184,0.6859063026153518,0.3345947265625
1000.0,1,0.001,0.0001,500,46913,False,2.2829149609106802,1.7743989760234586e-06,0.0008187753487981271,0.1620133343252452,0.3141818046569824
1000.0,1,0.01,0.0001,500,43351,False,7.243416006875193e-05,5.287935742510095e-10,1.565847035516438e-08,6.403228165717077e-06,0.30087900161743164
1000.0,1,0.1,0.0001,77,6150,True,8.298206277871529e-07,7.417085005433843e-11,1.7752373866693983e-10,7.336385574632224e-08,0.04328107833862305
1000.0,1,1.0,0.0001,14,982,True,3.3178848248262294e-07,6.614941087998802e-10,7.371482833275212e-11,2.931785910866506e-08,0.007840633392333984
1000.0,1,10.0,0.0001,5,373,True,8.107023073632338e-07,1.3518846839754007e-07,2.203261374984846e-10,7.080161339743716e-08,0.0021181106567382812
1000.0,1,100.0,0.0001,4,468,True,1.2282502569865247e-07,1.998452325237303e-07,9.508680105210408e-12,5.857948723056631e-09,0.003633260726928711
1000.0,1,1000.0,0.0001,4,625,True,7.891299841696215e-08,3.357820464273828e-07,6.784516616037165e-12,5.5572808478369234e-09,0.004953622817993164
1000.0,1,10000.0,0.0001,5,780,True,1.51842368066137e-11,5.711896072026313e-07,1.765370924723444e-15,7.773543187418233e-09,0.005010843276977539
1000.0,1,0.0001,1e-06,500,67562,False,24.6048950374096,1.5586084199249924e-08,0.008869201889122259,0.6859056069968351,0.4616119861602783
1000.0,1,0.001,1e-06,500,64575,False,2.282893689978829,1.4656178628989218e-08,0.000818767715455863,0.162011915582284,0.43247151374816895
1000.0,1,0.01,1e-06,500,59529,False,7.242961615791185e-05,4.484652328896888e-12,1.5657493516586033e-08,6.40282642317426e-06,0.4190943241119385
1000.0,1,0.1,1e-06,77,8332,True,8.298926043809996e-07,1.488606382359716e-12,1.7753688087271277e-10,7.337021380253741e-08,0.060004472732543945
1000.0,1,1.0,1e-06,14,1482,True,3.3109673035862283e-07,5.361929177305465e-12,7.357850246689849e-11,2.9257250212536513e-08,0.009987354278564453
1000.0,1,10.0,1e-06,5,584,True,6.691175721790939e-07,9.69944586100914e-10,1.916013948776595e-10,5.793634514173132e-08,0.003999948501586914
1000.0,1,100.0,1e-06,3,502,True,4.230602865984814e-07,8.74405630996289e-08,1.581348659530272e-10,3.393409204916031e-08,0.0040013790130615234
1000.0,1,1000.0,1e-06,3,617,True,7.465624634293456e-09,2.2579728086312234e-07,9.92530764344514e-13,4.453743271430104e-09,0.004008293151855469
1000.0,1,10000.0,1e-06,4,1126,True,2.052564125861046e-11,5.566610941488781e-09,4.119198824354703e-15,9.043681891926112e-11,0.007997274398803711
1000.0,2,0.0001,0.01,500,29442,False,17.18784142499158,0.0001502817692054298,0.0033037431705080686,0.6424518576654349,0.21730971336364746
1000.0,2,0.001,0.01,500,27667,False,1.2015051613715517,7.469334800131437e-05,0.0001888041181364922,0.16869914548559228,0.1943645477294922
1000.0,2,0.01,0.01,500,24976,False,0.00048479488110852526,2.853156667615761e-07,4.473357786677141e-08,9.222831990466619e-05,0.18761515617370605
1000.0,2,0.1,0.01,95,4353,True,9.675928367725363e-07,6.4303763309412876e-09,8.869927082440974e-11,1.8409164439989596e-07,0.03176116943359375
1000.0,2,1.0,0.01,15,557,True,9.400999584833542e-07,1.5229575988951607e-07,8.510200202312919e-11,1.7929199225092812e-07,0.0046350955963134766
1000.0,2,10.0,0.01,8,316,True,7.514180927944371e-08,4.95884163678473e-07,6.043233385388025e-12,1.6347431464492866e-08,0.002736806869506836
1000.0,2,100.0,0.01,8,507,True,6.909404391509073e-08,9.608642723121123e-07,9.212024815628347e-12,2.7751256942315178e-08,0.0036225318908691406
1000.0,2,1000.0,0.01,10,765,True,3.296241319025566e-10,1.4406837994702975e-07,1.9092938924926624e-15,3.5214702961619125e-09,0.0058994293212890625
1000.0,2,10000.0,0.01,11,1036,True,1.0205234809989941e-11,1.4160255759662455e-07,1.1137547706207197e-15,3.4823011787372436e-09,0.007010221481323242
1000.0,2,0.0001,0.0001,500,48744,False,17.172455685672762,1.4982234931755894e-06,0.0033014150375949482,0.6422442440712769,0.34256958961486816
1000.0,2,0.001,0.0001,500,47529,False,1.200011166834824,6.30032012044198e-07,0.0001885046501999207,0.1684951770332297,0.33402132987976074
1000.0,2,0.01,0.0001,500,43930,False,0.000478237508004352,2.4889620329236548e-09,4.414047974435004e-08,9.098047888641411e-05,0.2982804775238037
1000.0,2,0.1,0.0001,94,7708,True,9.925746048549438e-07,7.121479220299058e-11,9.09321900316799e-11,1.8884454272961526e-07,0.05457162857055664
1000.0,2,1.0,0.0001,15,1127,True,7.683321424359645e-07,9.520080820960044e-10,7.097418186562973e-11,1.461689664773754e-07,0.008007287979125977
1000.0,2,10.0,0.0001,6,474,True,6.717012768396207e-08,6.614805866421807e-09,6.570039391891625e-12,1.276148823484508e-08,0.003999471664428711
1000.0,2,100.0,0.0001,4,461,True,1.5588519142103337e-07,4.115038862631895e-07,6.835431242948105e-12,1.9762438325172563e-08,0.003001689910888672
1000.0,2,1000.0,0.0001,4,628,True,1.5168952003336588e-07,7.122261665823656e-07,4.240223519577454e-12,2.3547213450701388e-08,0.003991365432739258
1000.0,2,10000.0,0.0001,5,812,True,1.2724729638731434e-11,5.245161795366057e-07,4.773234731231656e-16,1.5211267900636433e-08,0.006006717681884766
1000.0,2,0.0001,1e-06,500,67431,False,17.172418406453843,1.502056776190685e-08,0.0033014099567239656,0.6422438624770305,0.45603132247924805
1000.0,2,0.001,1e-06,500,65278,False,1.2000044808521402,6.635211692349169e-09,0.00018850392042404034,0.1684943671583228,0.4489598274230957
1000.0,2,0.01,1e-06,500,60702,False,0.00047820984708508556,2.8888118950708178e-11,4.413792892770967e-08,9.09752177663522e-05,0.42836427688598633
1000.0,2,0.1,1e-06,94,10610,True,9.902269100010663e-07,1.3776190769594588e-12,9.071675803747698e-11,1.8839790420921892e-07,0.07057571411132812
1000.0,2,1.0,1e-06,15,1658,True,7.655296866011915e-07,1.253782678333752e-11,7.068826510522896e-11,1.4563682971334826e-07,0.013217687606811523
1000.0,2,10.0,1e-06,6,726,True,5.97040289600828e-08,6.6349270217191e-11,5.906559764250425e-12,1.1333715872724175e-08,0.004994392395019531
1000.0,2,100.0,1e-06,3,536,True,3.585156130038565e-07,4.9292947471565374e-08,4.7299733137842594e-11,6.540339334237273e-08,0.003000020980834961
1000.0,2,1000.0,1e-06,3,626,True,2.8546057260112016e-09,1.267081203638734e-07,1.3762826808384607e-13,4.138776594435395e-09,0.003999948501586914
1000.0,2,10000.0,1e-06,4,1109,True,1.202983871028796e-11,5.552875301475649e-09,3.1821564874877704e-16,1.6410225285638558e-10,0.007000923156738281
1000.0,3,0.0001,0.01,500,28578,False,15.945438601859662,0.00013942152826433568,0.004807991126374077,0.7428459713834812,0.19984722137451172
1000.0,3,0.001,0.01,500,27020,False,1.353331906053419,9.447272498150292e-05,0.00038898812543259627,0.338089905758673,0.1889781951904297
1000.0,3,0.01,0.01,500,23369,False,0.007977522382000822,5.476070338470262e-06,2.349710662647121e-06,0.0021756679042668715,0.16562891006469727
1000.0,3,0.1,0.01,137,6036,True,9.88572214252258e-07,7.112118537624202e-09,2.9165552760126964e-10,2.696086620474856e-07,0.0433042049407959
1000.0,3,1.0,0.01,20,729,True,6.481965307364529e-07,1.0028884368946e-07,1.9116571690929347e-10,1.76894587826698e-07,0.005599498748779297
1000.0,3,10.0,0.01,8,320,True,1.0632219966715882e-07,9.670810397401003e-07,4.7091036987704545e-12,2.7838774614826435e-08,0.002534627914428711
1000.0,3,100.0,0.01,9,541,True,1.913230960443062e-09,2.587973355743692e-07,2.62489343857143e-13,5.402011295856318e-09,0.0036597251892089844
1000.0,3,1000.0,0.01,10,760,True,3.159493556710924e-10,1.1640720944318075e-07,1.3881647992445065e-14,3.392949337767114e-09,0.004544258117675781
1000.0,3,10000.0,0.01,11,944,True,1.7824430657276498e-11,5.823246763518312e-07,1.1217493327228335e-15,1.3221944893743621e-08,0.006250858306884766
1000.0,3,0.0001,0.0001,500,48346,False,15.94114665444967,1.1372183256872596e-06,0.0048071916038030515,0.7427828096359347,0.32469820976257324
1000.0,3,0.001,0.0001,500,46941,False,1.3530754137251304,1.0653834506978233e-06,0.00038881582574620685,0.338077610300428,0.31911373138427734
1000.0,3,0.01,0.0001,500,42177,False,0.007956046603171226,3.9477868436612135e-08,2.343430870389056e-06,0.0021698110235552934,0.306593656539917
1000.0,3,0.1,0.0001,137,10525,True,9.581383138909469e-07,8.053605881338571e-11,2.8273187144079293e-10,2.613080768344552e-07,0.07760381698608398
1000.0,3,1.0,0.0001,20,1426,True,6.057913749277276e-07,7.008905713305145e-10,1.7875342032404872e-10,1.6521493750968156e-07,0.010115623474121094
1000.0,3,10.0,0.0001,6,474,True,7.436403307748018e-07,5.0913499443395176e-08,2.2018509170949999e-10,2.027184689203625e-07,0.0037145614624023438
1000.0,3,100.0,0.0001,4,437,True,2.4097249785354126e-07,6.522572725442016e-07,3.789507617670935e-11,2.4981720721448638e-08,0.003613710403442383
1000.0,3,1000.0,0.0001,4,625,True,1.255066146274859e-07,2.3770647505592376e-07,5.3043319384465085e-12,1.3359553994650549e-08,0.004866123199462891
1000.0,3,10000.0,0.0001,6,1071,True,7.997606488686783e-12,5.876362992054309e-09,1.1217493327228335e-15,1.6357546766976214e-10,0.0059661865234375
1000.0,3,0.0001,1e-06,500,66455,False,15.941135995666414,1.530499939517605e-08,0.0048071911400198565,0.7427823858353915,0.4523937702178955
1000.0,3,0.001,1e-06,500,64511,False,1.3530742285614017,1.0990626479159246e-08,0.00038881404065657584,0.3380781923061441,0.4321761131286621
1000.0,3,0.01,1e-06,500,58771,False,0.007956063705296475,5.868748074921288e-10,2.3434394277940594e-06,0.0021698156910084855,0.39170002937316895
1000.0,3,0.1,1e-06,137,14880,True,9.57596720793567e-07,1.6274430298235744e-12,2.8257132106754697e-10,2.611603494776155e-07,0.10181951522827148
1000.0,3,1.0,1e-06,20,2016,True,6.016062941619417e-07,6.991888207369898e-12,1.7752370261805131e-10,1.6407295807142692e-07,0.014467000961303711
1000.0,3,10.0,1e-06,6,714,True,6.322903785845226e-07,5.5244039189066e-10,1.8678192051701264e-10,1.724418921511299e-07,0.004749774932861328
1000.0,3,100.0,1e-06,4,686,True,1.1097363472792136e-08,8.901817036351475e-10,3.3052344088678287e-12,3.018175268288297e-09,0.004624128341674805
1000.0,3,1000.0,1e-06,3,647,True,2.757146461281321e-08,2.619066918690248e-07,8.251588091509164e-12,8.965951361611153e-09,0.003643512725830078
1000.0,3,10000.0,1e-06,4,1128,True,2.579814141691808e-11,6.1390449471496984e-09,3.2250293315781462e-15,1.5896497012686174e-10,0.0084686279296875
1000.0,4,0.0001,0.01,500,29596,False,24.70837560571094,0.0002479881694115738,0.009967618950019469,0.5176892645151261,0.21276473999023438
1000.0,4,0.001,0.01,500,27436,False,0.9837122590422316,6.611936500756933e-05,0.00024852554338288907,0.06938955891479176,0.22542762756347656
1000.0,4,0.01,0.01,500,24825,False,0.00018442752034933114,1.1308170110021637e-07,7.150729426036192e-09,2.7088997635863665e-05,0.1991586685180664
1000.0,4,0.1,0.01,89,4013,True,9.745347723952142e-07,6.5989257432801315e-09,3.478984877483536e-11,1.4322064539302172e-07,0.030997514724731445
1000.0,4,1.0,0.01,15,568,True,5.750403993647383e-07,5.706450845746781e-08,1.706293155750178e-11,8.44145932933481e-08,0.0050048828125
1000.0,4,10.0,0.01,8,313,True,1.100215344372442e-07,4.7333884345054695e-07,2.0146905411123812e-11,1.1776933365065986e-08,0.001993894577026367
1000.0,4,100.0,0.01,8,470,True,2.4190120729273274e-08,8.929755705415492e-07,5.096190678773139e-12,1.3405444869574416e-08,0.002778768539428711
1000.0,4,1000.0,0.01,10,801,True,1.1776891426643279e-10,2.3868616534573948e-08,7.051769482367453e-15,4.806068226975679e-10,0.006003379821777344
1000.0,4,10000.0,0.01,11,953,True,1.736003229554141e-11,3.024352901356165e-07,1.6789927338970125e-15,6.30654292270074e-09,0.007001399993896484
1000.0,4,0.0001,0.0001,500,49410,False,24.705760533716933,2.4326290535184126e-06,0.009965432833952638,0.5176909631361608,0.3574187755584717
1000.0,4,0.001,0.0001,500,47158,False,0.9830973149719722,7.075041301453133e-07,0.00024841607904549416,0.06940439909450916,0.32868218421936035
1000.0,4,0.01,0.0001,500,43227,False,0.000192740759041034,9.173186245876569e-10,7.449330560393199e-09,2.8311121893441586e-05,0.3032987117767334
1000.0,4,0.1,0.0001,90,6926,True,9.498264311904018e-07,5.871607113282615e-11,3.3764096147273215e-11,1.3959057018149152e-07,0.04848313331604004
1000.0,4,1.0,0.0001,14,997,True,9.196131459960124e-07,1.2782792737248188e-09,3.620960503061868e-11,1.3505839367661515e-07,0.006331205368041992
1000.0,4,10.0,0.0001,5,372,True,8.229283917125191e-07,7.422018568992629e-08,5.668615268183094e-11,1.1960227364950936e-07,0.002595186233520508
1000.0,4,100.0,0.0001,4,454,True,1.7164079046389157e-07,2.8582199204240827e-07,2.107225427319892e-11,1.8916321103360693e-08,0.0025298595428466797
1000.0,4,1000.0,0.0001,4,612,True,1.215291143171235e-07,4.667385325102913e-07,2.360249632318172e-11,8.94320811498238e-09,0.0048792362213134766
1000.0,4,10000.0,0.0001,5,766,True,1.935173322403792e-11,9.69581213664971e-07,3.357985467794025e-16,1.6075827168380133e-08,0.0054531097412109375
1000.0,4,0.0001,1e-06,500,67556,False,24.705739266408532,1.9285499325003548e-08,0.009965424084921862,0.5176910361547373,0.46717071533203125
1000.0,4,0.001,1e-06,500,65140,False,0.9830937748913658,6.096221172072289e-09,0.0002484157910848083,0.06940432648974652,0.4753084182739258
1000.0,4,0.01,1e-06,500,59568,False,0.0001928534831869508,1.2056981775708529e-11,7.45312989708431e-09,2.832770519461877e-05,0.41820526123046875
1000.0,4,0.1,1e-06,90,9723,True,9.495714915528247e-07,1.5797301504136986e-12,3.375502958651017e-11,1.395531013380167e-07,0.06905293464660645
1000.0,4,1.0,1e-06,14,1427,True,8.525438493620825e-07,1.015455088415318e-11,3.382946493104627e-11,1.2519458985175772e-07,0.010479211807250977
1000.0,4,10.0,1e-06,5,566,True,3.8834395473166573e-07,4.943687484371467e-10,3.417063625457415e-11,5.4155905665328477e-08,0.004202842712402344
1000.0,4,100.0,1e-06,3,477,True,2.1339983280224874e-07,3.996129470522694e-08,3.9025723576759676e-11,2.5776983997092736e-08,0.0035622119903564453
1000.0,4,1000.0,1e-06,3,617,True,1.2525896698952431e-08,2.0368057856485407e-07,7.770378372475374e-13,3.2419470987581784e-09,0.004729032516479492
1000.0,4,10000.0,1e-06,4,1070,True,1.7864924394012718e-11,5.204392639989643e-09,3.917649712426363e-15,1.0565186977688038e-10,0.007268428802490234
1000.0,5,0.0001,0.01,500,29918,False,36.18889265076443,0.00035969740845320656,0.03244194792402534,0.533474218646192,0.20934557914733887
1000.0,5,0.001,0.01,500,27410,False,1.7752640014608136,0.00012342806991871434,0.0010842459603712926,0.07524906833182135,0.19810986518859863
1000.0,5,0.01,0.01,500,24867,False,1.6820893678914336e-06,1.1498140527452127e-09,3.797079435191777e-10,1.0544915020545006e-07,0.17769169807434082
1000.0,5,0.1,0.01,64,2835,True,9.796782516846083e-07,6.455045297298877e-09,4.897655051302997e-11,7.092373983788093e-08,0.019992351531982422
1000.0,5,1.0,0.01,13,458,True,4.631508128022025e-07,9.128921163971616e-08,9.014675227642252e-12,3.3760091358465685e-08,0.004000425338745117
1000.0,5,10.0,0.01,8,312,True,7.929625380237732e-08,5.763790158117071e-07,4.293607726859245e-11,4.805190455651505e-09,0.002999544143676758
1000.0,5,100.0,0.01,9,539,True,1.307597697355892e-09,2.4649286546062197e-07,2.3199470956348934e-13,3.4878798324233183e-09,0.003713846206665039
1000.0,5,1000.0,0.01,10,788,True,2.7892966221732393e-10,4.1278247759436456e-08,1.2585009226855953e-14,6.692573622247821e-10,0.004885435104370117
1000.0,5,10000.0,0.01,10,931,True,9.836733315623725e-11,3.652946796235738e-07,1.3578562586870897e-14,6.198841158266918e-09,0.00705265998840332
1000.0,5,0.0001,0.0001,500,49721,False,36.18534750485376,3.401111358133677e-06,0.032439226202909906,0.5334818902468342,0.34027671813964844
1000.0,5,0.001,0.0001,500,47560,False,1.776122726630754,1.2441305792228494e-06,0.0010847825933974745,0.0752791678312322,0.34261202812194824
1000.0,5,0.01,0.0001,500,44187,False,1.306344643036342e-06,9.24263863103429e-12,3.785625420873071e-10,7.187834655205988e-08,0.31479310989379883
1000.0,5,0.1,0.0001,58,4489,True,8.329730273760582e-07,6.335310506778039e-11,2.617834264034574e-10,4.3692585105200535e-08,0.029999494552612305
1000.0,5,1.0,0.0001,11,752,True,9.602730941941234e-07,2.0794461952203894e-09,3.7163913109026967e-10,4.813182802838568e-08,0.006143093109130859
1000.0,5,10.0,0.0001,5,361,True,2.0316845888000953e-07,4.828461508624104e-08,8.211652283632842e-11,1.1766386379645001e-08,0.0020024776458740234
1000.0,5,100.0,0.0001,4,449,True,1.5323014188320955e-07,3.1182036017382093e-07,2.740286403811882e-11,4.407591493910223e-09,0.0033388137817382812
1000.0,5,1000.0,0.0001,4,597,True,1.4682887179831188e-07,4.912540838378535e-07,2.5629536882718818e-11,8.390892700714584e-09,0.0035064220428466797
1000.0,5,10000.0,0.0001,5,794,True,2.8341946587420995e-11,4.807697524278286e-07,7.120465746773763e-15,8.976176659184201e-09,0.0058214664459228516
1000.0,5,0.0001,1e-06,500,68040,False,36.18532745222972,2.3153233831472076e-08,0.03243921820386744,0.5334815974113047,0.4672691822052002
1000.0,5,0.001,1e-06,500,65492,False,1.7761131740089853,1.2099603010036794e-08,0.0010847789588718142,0.07527858299391177,0.4516761302947998
1000.0,5,0.01,1e-06,500,60692,False,1.3051041802874772e-06,1.8610877319373497e-12,3.785176665938798e-10,7.176450288719813e-08,0.4208552837371826
1000.0,5,0.1,1e-06,58,6238,True,8.4610757112992e-07,2.1564774408114745e-12,2.615987910707213e-10,4.5046351845302023e-08,0.04590797424316406
1000.0,5,1.0,1e-06,11,1117,True,9.567877833984787e-07,3.449608784304339e-11,3.7271415582580584e-10,4.759074820190497e-08,0.007344961166381836
1000.0,5,10.0,1e-06,5,563,True,1.7535181613496423e-07,4.873276184145317e-10,8.681238720021238e-11,8.401084658870802e-09,0.004688739776611328
1000.0,5,100.0,1e-06,3,471,True,2.963239723469774e-07,6.545615526973635e-08,1.633709725406172e-10,1.4831926243798144e-08,0.0032863616943359375
1000.0,5,1000.0,1e-06,3,582,True,5.6785891719090826e-09,2.2077715733518198e-07,8.44354763786033e-13,2.1663387718812675e-09,0.0055997371673583984
1000.0,5,10000.0,1e-06,4,1048,True,1.9400129219471117e-11,3.927084994668479e-09,1.324737813353258e-15,5.977519515895807e-11,0.006470203399658203
1000.0,6,0.0001,0.01,500,30909,False,25.481158086835478,0.00022015007730167739,0.01583689767485562,0.5564782778099616,0.23378348350524902
1000.0,6,0.001,0.01,500,27944,False,1.0856498931426928,7.47704718876393e-05,0.0005425816400018393,0.05418396880506543,0.212355375289917
1000.0,6,0.01,0.01,500,26023,False,2.4104021609475434e-05,1.3193075918888984e-08,1.6507610576714762e-09,2.44652576377747e-06,0.19761347770690918
1000.0,6,0.1,0.01,73,3475,True,8.896325143228413e-07,5.858547974444741e-09,5.986853523170714e-11,9.031930781793676e-08,0.026989459991455078
1000.0,6,1.0,0.01,13,486,True,7.744719968003322e-07,1.6163669011312998e-07,4.696823999935661e-11,7.717495517124981e-08,0.003991842269897461
1000.0,6,10.0,0.01,8,313,True,8.25732041098724e-08,3.4596129164847935e-07,1.921241586549742e-11,6.826297075197142e-09,0.0020189285278320312
1000.0,6,100.0,0.01,9,516,True,1.534781312839096e-09,2.819851924099243e-07,5.618338498841074e-13,4.937741616633945e-09,0.003989458084106445
1000.0,6,1000.0,0.01,10,738,True,4.902300457746722e-10,1.9292002483516087e-07,7.845573668318176e-14,3.6079240218000366e-09,0.004992246627807617
1000.0,6,10000.0,0.01,11,930,True,1.3647641800432237e-11,3.7416136151803865e-07,9.725917770642368e-16,4.926720783680942e-09,0.007999181747436523
1000.0,6,0.0001,0.0001,500,49542,False,25.479739024723976,1.8976345926213713e-06,0.01583545460783374,0.5564949315441262,0.3608121871948242
1000.0,6,0.001,0.0001,500,47104,False,1.0857521799202294,9.3277569966011e-07,0.0005427209994610517,0.05417256705926247,0.35315728187561035
1000.0,6,0.01,0.0001,500,44282,False,2.383685800667476e-05,1.143579994942154e-10,1.6321493793269456e-09,2.419472843370448e-06,0.32449769973754883
1000.0,6,0.1,0.0001,72,5861,True,8.525665335433506e-07,6.315011637439668e-11,5.728987023345082e-11,8.656417373716585e-08,0.04208207130432129
1000.0,6,1.0,0.0001,12,871,True,9.91057434265382e-07,1.3328627346893796e-09,7.473962560164883e-11,1.0038901326818857e-07,0.006005764007568359
1000.0,6,10.0,0.0001,5,368,True,2.676143694267855e-07,4.64591944981885e-08,4.309748682527046e-11,2.5051405208377785e-08,0.0033860206604003906
1000.0,6,100.0,0.0001,4,437,True,2.626605273493872e-07,9.338912820388792e-07,6.731939873716675e-11,2.2247493636348158e-08,0.0030074119567871094
1000.0,6,1000.0,0.0001,4,617,True,1.3382753771648893e-07,3.8529273848679985e-07,3.088222040123218e-11,1.2053750141861847e-08,0.003998994827270508
1000.0,6,10000.0,0.0001,6,1095,True,7.467455768168765e-12,3.911290851455276e-09,1.7830849246177674e-15,7.995715888235668e-11,0.007993698120117188
1000.0,6,0.0001,1e-06,500,68009,False,25.47972548410857,2.561663157640773e-08,0.015835445402523435,0.556494904271688,0.49379825592041016
1000.0,6,0.001,1e-06,500,65256,False,1.0857538580093324,7.60692646770209e-09,0.0005427212205890319,0.054173239908737555,0.45639991760253906
1000.0,6,0.01,1e-06,500,61692,False,2.3849062240885234e-05,2.194783582899842e-12,1.6329073525185376e-09,2.420716157894314e-06,0.4381387233734131
1000.0,6,0.1,1e-06,72,7996,True,8.506261238489075e-07,1.397627827352663e-12,5.714689924222238e-11,8.63674886029047e-08,0.05499553680419922
1000.0,6,1.0,1e-06,12,1243,True,9.915388055652124e-07,1.4332593097079416e-11,7.505182756208645e-11,1.0040058594612089e-07,0.008656978607177734
1000.0,6,10.0,1e-06,5,574,True,1.632367587430039e-07,2.2698314653658787e-10,2.9663400805941176e-11,1.5876343051798542e-08,0.003556489944458008
1000.0,6,100.0,1e-06,3,489,True,1.9137708909342753e-07,3.3567445419351154e-08,7.143216516511238e-11,1.4280397110189286e-08,0.002566099166870117
1000.0,6,1000.0,1e-06,3,625,True,1.599070192652658e-08,3.169791736578902e-07,7.286333396506241e-13,4.167002651805489e-09,0.0036025047302246094
1000.0,6,10000.0,1e-06,4,1088,True,2.4799682027792627e-11,2.812104312313619e-09,1.6209862951070613e-15,6.51971514528387e-11,0.008855819702148438
1000.0,7,0.0001,0.01,500,31035,False,22.87100737103529,0.00019373275134460305,0.009666644541538812,0.47439371573309014,0.22091913223266602
1000.0,7,0.001,0.01,500,27151,False,0.8092930022860512,4.525246537383708e-05,0.00018080431047927005,0.0795432791802929,0.20072627067565918
1000.0,7,0.01,0.01,500,23706,False,0.0002038298079770642,1.3807262496353286e-07,1.4294372877623062e-08,3.299461739572545e-05,0.17707228660583496
1000.0,7,0.1,0.01,90,4082,True,9.438474762259254e-07,8.143447258373124e-09,4.6293531226583735e-11,1.5732263440829834e-07,0.02913522720336914
1000.0,7,1.0,0.01,15,561,True,6.487183286402958e-07,8.730576468104267e-08,1.900398293422709e-11,1.0856898380641932e-07,0.004609584808349609
1000.0,7,10.0,0.01,9,356,True,1.008721265304243e-08,1.9691771686412291e-07,1.6235493118143637e-12,3.1981508347793184e-09,0.0022068023681640625
1000.0,7,100.0,0.01,9,558,True,3.6528394716382596e-09,5.063099045570336e-07,1.9149555985502752e-13,1.2050395142829437e-08,0.003956317901611328
1000.0,7,1000.0,0.01,10,820,True,2.2457080511925726e-10,1.3771604675906534e-07,3.4084128180718214e-14,2.3991499326302936e-09,0.005899906158447266
1000.0,7,10000.0,0.01,10,958,True,2.1646132838145544e-10,7.172755590976512e-07,5.5939599685911574e-14,1.7441036382563667e-08,0.007653951644897461
1000.0,7,0.0001,0.0001,500,49327,False,22.867971421567702,1.9807627395487653e-06,0.009664580255471088,0.4743950509534049,0.36777234077453613
1000.0,7,0.001,0.0001,500,46803,False,0.8098530059168222,4.3727190750749564e-07,0.000180861155735611,0.07958143905531309,0.3420546054840088
1000.0,7,0.01,0.0001,500,43050,False,0.00020367344337757307,9.984750744057947e-10,1.4266338682194422e-08,3.297580610084719e-05,0.2947702407836914
1000.0,7,0.1,0.0001,91,7355,True,8.734485333374409e-07,5.0299285319685795e-11,4.102219964687876e-11,1.4578573601932868e-07,0.04910755157470703
1000.0,7,1.0,0.0001,14,1038,True,9.229418301978591e-07,1.7501491622646412e-09,6.204924470835146e-11,1.50383033681487e-07,0.007536411285400391
1000.0,7,10.0,0.0001,5,386,True,6.62007991653328e-07,8.530235474046129e-08,2.3979615188150484e-11,1.0362307329441003e-07,0.00200653076171875
1000.0,7,100.0,0.0001,5,560,True,1.281047246624354e-09,1.6265248463676116e-08,1.529883005363535e-13,2.747169637037826e-10,0.004599571228027344
1000.0,7,1000.0,0.0001,4,606,True,3.984853558378919e-07,9.54655258816632e-07,2.6497677726570262e-11,4.1227705638733674e-08,0.0039539337158203125
1000.0,7,10000.0,0.0001,5,815,True,3.323213370200328e-11,7.482230290140222e-07,2.8620260304419873e-15,1.0304684109929409e-08,0.004928112030029297
1000.0,7,0.0001,1e-06,500,66646,False,22.867939622505013,2.369475934293138e-08,0.009664576662015797,0.4743946562997448,0.44772958755493164
1000.0,7,0.001,1e-06,500,64445,False,0.8098629925442518,6.341480208651478e-09,0.00018086191386054823,0.07958297645570334,0.4302825927734375
1000.0,7,0.01,1e-06,500,59882,False,0.00020370066295319561,1.1247305401020434e-11,1.426873016512704e-08,3.298003786159036e-05,0.4201362133026123
1000.0,7,0.1,1e-06,91,10119,True,8.807687277104613e-07,1.7047567751347477e-12,4.127626950312663e-11,1.4701658113108146e-07,0.07186770439147949
1000.0,7,1.0,1e-06,14,1467,True,9.052718495561896e-07,1.5117809361091228e-11,6.152653468151892e-11,1.4728430122070446e-07,0.010447025299072266
1000.0,7,10.0,1e-06,5,604,True,4.837620922034313e-07,1.6274278181975209e-10,5.180657391376876e-11,7.162759593791688e-08,0.004051923751831055
1000.0,7,100.0,1e-06,3,514,True,2.1921364687738026e-07,2.413959074773346e-08,3.268186551789393e-11,2.7997959996608868e-08,0.003442525863647461
1000.0,7,1000.0,1e-06,3,634,True,2.3434115041067658e-08,3.8313828964875917e-07,1.0694870907392537e-12,8.761593392517849e-09,0.0046634674072265625
1000.0,7,10000.0,1e-06,4,1112,True,2.422507388700029e-11,5.983545459113913e-09,3.9027627687845283e-16,1.4612159720106498e-10,0.007157802581787109
1000.0,8,0.0001,0.01,500,29379,False,18.305936924652173,0.00018530495481911073,0.010142582734662267,0.5207435761354479,0.20998048782348633
1000.0,8,0.001,0.01,500,27755,False,0.690415772984179,5.095800419868449e-05,0.00023357347361606192,0.0790350416021368,0.19524621963500977
1000.0,8,0.01,0.01,500,24808,False,1.705907780839479e-05,1.0724814334684799e-08,2.4097875058592415e-09,2.5094791817621616e-06,0.17760777473449707
1000.0,8,0.1,0.01,69,3141,True,9.098486714757443e-07,8.722915947697278e-09,1.2409073537862427e-10,1.3422103545287375e-07,0.02389693260192871
1000.0,8,1.0,0.01,13,485,True,4.097737132448561e-07,1.1136265907741305e-07,7.410509431790554e-11,5.4293026892721154e-08,0.003999471664428711
1000.0,8,10.0,0.01,8,317,True,7.89698497615775e-08,4.795833361525799e-07,4.330761091408113e-12,1.5893322578753518e-08,0.003007173538208008
1000.0,8,100.0,0.01,9,521,True,3.416916418260146e-09,8.015644196610825e-07,4.1605376406883606e-13,2.1802180136117338e-08,0.0030057430267333984
1000.0,8,1000.0,0.01,10,747,True,2.5738297996518654e-10,1.1233835880412664e-07,8.381560771480187e-14,2.9872085523722655e-09,0.0049936771392822266
1000.0,8,10000.0,0.01,11,914,True,1.3307025599836298e-11,4.5382242929108435e-07,1.5121372525866316e-15,8.295776806255774e-09,0.0069997310638427734
1000.0,8,0.0001,0.0001,500,48879,False,18.303514838689075,1.3736650053528812e-06,0.010141366753242644,0.5206856152807067,0.3327665328979492
1000.0,8,0.001,0.0001,500,47820,False,0.6902769528267114,3.298321118265083e-07,0.00023335016522616658,0.07909032213933909,0.32846856117248535
1000.0,8,0.01,0.0001,500,43851,False,1.742880259240354e-05,1.2836285143446964e-10,2.4473738374683572e-09,2.5653352272295627e-06,0.3159139156341553
1000.0,8,0.1,0.0001,70,5610,True,8.205898494525997e-07,7.044052131389262e-11,1.0729845118864972e-10,1.2144225935988857e-07,0.04500627517700195
1000.0,8,1.0,0.0001,12,849,True,8.524011582183628e-07,2.0655059545632413e-09,1.3852905390553646e-10,1.229153669437116e-07,0.00600433349609375
1000.0,8,10.0,0.0001,5,374,True,2.675893922660976e-07,4.622669262117373e-08,4.697475977121123e-11,3.4497682771069676e-08,0.002989530563354492
1000.0,8,100.0,0.0001,5,550,True,7.763053999770815e-10,1.4217699721626345e-08,4.730829404521033e-14,4.0003614839282163e-10,0.004010200500488281
1000.0,8,1000.0,0.0001,5,649,True,1.16741145278859e-10,3.084402135841829e-07,2.397817643387373e-14,8.486843694278254e-09,0.0059893131256103516
1000.0,8,10000.0,0.0001,6,1073,True,1.3262049982258647e-11,2.7882724975366788e-09,0.0,9.182169352600709e-11,0.008001565933227539
1000.0,8,0.0001,1e-06,500,67355,False,18.303534190313943,1.2605653180730613e-08,0.01014137454269259,0.5206858349944347,0.4914071559906006
1000.0,8,0.001,1e-06,500,65551,False,0.690276452016534,5.197607344370612e-09,0.00023335039070440864,0.07909027562625655,0.4516599178314209
1000.0,8,0.01,1e-06,500,60864,False,1.742839144762557e-05,1.727014272275777e-12,2.4472943422527925e-09,2.5652774587631047e-06,0.4122352600097656
1000.0,8,0.1,1e-06,69,7758,True,9.987365047535782e-07,1.1729979285753868e-12,1.3154902834759655e-10,1.4773836587480813e-07,0.05456137657165527
1000.0,8,1.0,1e-06,12,1269,True,8.658798937706416e-07,1.682417254119978e-11,1.3880836725804996e-10,1.252243671551337e-07,0.008496522903442383
1000.0,8,10.0,1e-06,5,577,True,1.8774741865981516e-07,2.320594254464344e-10,3.717956668817005e-11,2.6116731951290674e-08,0.004488706588745117
1000.0,8,100.0,1e-06,3,497,True,2.1324796304252135e-07,5.979780664164386e-08,5.2540504958767594e-11,2.869884809733037e-08,0.0019960403442382812
1000.0,8,1000.0,1e-06,3,632,True,1.3714100116536153e-08,1.8796610682728815e-07,2.5589682705916053e-12,4.763684886826419e-09,0.005872488021850586
1000.0,8,10000.0,1e-06,4,1126,True,2.4608616043191735e-11,5.081032459890121e-09,4.752431365272271e-15,1.6599387702762418e-10,0.007772207260131836
1000.0,9,0.0001,0.01,500,29793,False,23.31160628704762,0.0002407045851745691,0.010488904830718359,0.5256191288315377,0.2172074317932129
1000.0,9,0.001,0.01,500,28013,False,0.9299542206355337,7.369992139186347e-05,0.0002836479962853191,0.08867118866474753,0.2110142707824707
1000.0,9,0.01,0.01,500,23856,False,0.0007245188676931961,4.532052451877803e-07,5.8607830457653916e-08,0.0001309327858314664,0.19863271713256836
1000.0,9,0.1,0.01,104,4466,True,8.997154152959299e-07,6.205970564492649e-09,7.255445472711696e-11,1.6259435081393048e-07,0.03360605239868164
1000.0,9,1.0,0.01,16,567,True,9.417325781784806e-07,1.6618195881031757e-07,7.557795949739889e-11,1.704186707497266e-07,0.005002260208129883
1000.0,9,10.0,0.01,8,307,True,8.875236625395328e-08,6.38510386210358e-07,8.230920201313306e-12,1.3023214126267669e-08,0.0020089149475097656
1000.0,9,100.0,0.01,9,536,True,1.6362151815017586e-09,3.938857403020997e-07,8.318126364815403e-14,1.107118909470536e-08,0.003989219665527344
1000.0,9,1000.0,0.01,10,733,True,7.694906293549908e-10,1.982225161122765e-07,2.4149399123657624e-14,5.006070006162118e-09,0.005009889602661133
1000.0,9,10000.0,0.01,10,938,True,1.7551488250723564e-10,4.812009910814982e-07,2.4551889109051918e-14,1.1926296635788223e-08,0.006990671157836914
1000.0,9,0.0001,0.0001,500,49246,False,23.306681062599107,2.1749051684585813e-06,0.010486813921974132,0.5256134802476617,0.35184431076049805
1000.0,9,0.001,0.0001,500,48183,False,0.930295056894469,7.838887735803573e-07,0.0002836216048491385,0.08883533387249799,0.3328533172607422
1000.0,9,0.01,0.0001,500,43492,False,0.0007438970149573578,4.5805941018466165e-09,6.01692942467276e-08,0.00013443479528302404,0.3012864589691162
1000.0,9,0.1,0.0001,104,7588,True,9.519139658130992e-07,5.901427268913852e-11,7.679012517007804e-11,1.720273806783734e-07,0.0513758659362793
1000.0,9,1.0,0.0001,16,1141,True,6.36853788378016e-07,1.0274201528234805e-09,5.1491617138119715e-11,1.1509039191446967e-07,0.0069997310638427734
1000.0,9,10.0,0.0001,6,445,True,9.819740776358512e-08,1.0529336086828734e-08,8.501393471498272e-12,1.7720425239838007e-08,0.0029926300048828125
1000.0,9,100.0,0.0001,4,457,True,1.6123067020110216e-07,3.0680734425687156e-07,2.8431490078267513e-11,1.7084439100982137e-08,0.003999948501586914
1000.0,9,1000.0,0.0001,4,608,True,1.830870075965627e-07,4.6246949309780467e-07,5.849521121063735e-12,1.1993921501197307e-08,0.0029997825622558594
1000.0,9,10000.0,0.0001,5,810,True,2.2632748585928854e-11,5.77651501940061e-07,1.7441232700419394e-15,1.332661084183581e-08,0.0050008296966552734
1000.0,9,0.0001,1e-06,500,68251,False,23.30666575941118,2.3032518006091994e-08,0.01048680978507822,0.5256134424623746,0.4617643356323242
1000.0,9,0.001,1e-06,500,65493,False,0.930292134749741,5.607793918668604e-09,0.0002836213560539789,0.08883385631272556,0.45502471923828125
1000.0,9,0.01,1e-06,500,61307,False,0.0007439215225657466,4.45697020665069e-11,6.017127785153895e-08,0.00013443922390374267,0.42809081077575684
1000.0,9,0.1,1e-06,104,10959,True,9.52491821489525e-07,1.7322640077855057e-12,7.683949727495308e-11,1.7213182025277939e-07,0.07382941246032715
1000.0,9,1.0,1e-06,16,1598,True,6.453605168888169e-07,9.040130805888584e-12,5.216565370032669e-11,1.1662774359836494e-07,0.011976242065429688
1000.0,9,10.0,1e-06,6,692,True,6.844707455228808e-08,6.893011577103384e-11,5.995624985761864e-12,1.2358871496726665e-08,0.003999471664428711
1000.0,9,100.0,1e-06,3,506,True,4.808201608649002e-07,6.255998669922386e-08,7.419057651774477e-11,8.278078367241387e-08,0.003384828567504883
1000.0,9,1000.0,1e-06,3,629,True,4.213763283881132e-09,1.475199462371482e-07,6.033324881060463e-13,3.84363411358715e-09,0.005028724670410156
1000.0,9,10000.0,1e-06,4,1132,True,1.0463969111701299e-11,2.38126199938235e-09,2.6832665692952915e-16,6.21508458349567e-11,0.0071697235107421875
1000.0,10,0.0001,0.01,500,31189,False,26.75817799681249,0.0002624289011875002,0.012431325512736234,0.6170936301239384,0.2188091278076172
1000.0,10,0.001,0.01,500,26986,False,1.7918120001265103,0.00013914112522933026,0.0006649740237946074,0.14532928973229556,0.19226694107055664
1000.0,10,0.01,0.01,500,24216,False,0.0006484155863483583,3.6841694405019617e-07,1.046660181569871e-07,8.440710868220945e-05,0.17363214492797852
1000.0,10,0.1,0.01,98,4473,True,9.148777402120555e-07,6.90289072824211e-09,1.464652440699771e-10,1.1911321976917854e-07,0.03317427635192871
1000.0,10,1.0,0.01,16,603,True,5.979725253810123e-07,9.881354054022619e-08,9.409882678464772e-11,7.783782100210526e-08,0.004594564437866211
1000.0,10,10.0,0.01,8,318,True,1.515444209257673e-07,4.1070171536173926e-07,9.311450546434522e-13,1.1433828636098528e-08,0.0020742416381835938
1000.0,10,100.0,0.01,8,507,True,2.3779725393564022e-08,7.996998447098693e-07,9.429758397432418e-13,1.8313299009636412e-08,0.0036268234252929688
1000.0,10,1000.0,0.01,10,788,True,1.9761042310898267e-10,1.4994437117961326e-07,1.2702527159774258e-14,2.5402550890425607e-09,0.006221771240234375
1000.0,10,10000.0,0.01,10,952,True,1.459259906987828e-10,4.123474920805182e-07,2.4906915999557368e-14,5.138927542867575e-09,0.006638050079345703
1000.0,10,0.0001,0.0001,500,49653,False,26.75033560791372,2.3300008075155997e-06,0.012428049020169522,0.6170823601353093,0.3451113700866699
1000.0,10,0.001,0.0001,500,46608,False,1.7925792450036726,1.1388929417652218e-06,0.0006651021281184898,0.145431372888584,0.327883243560791
1000.0,10,0.01,0.0001,500,43702,False,0.0006542061968547858,2.881915454342617e-09,1.0558430401996915e-07,8.516147946431998e-05,0.32258176803588867
1000.0,10,0.1,0.0001,98,7740,True,8.676714288967067e-07,7.585433391456289e-11,1.388843260471918e-10,1.1296733590221457e-07,0.05596637725830078
1000.0,10,1.0,0.0001,16,1163,True,4.225589832228704e-07,8.136129192158668e-10,6.806524643985038e-11,5.501193058016209e-08,0.008991479873657227
1000.0,10,10.0,0.0001,6,467,True,6.353863661929547e-08,6.851774514647193e-09,1.1861420606469204e-11,8.22850331907695e-09,0.003000020980834961
1000.0,10,100.0,0.0001,4,470,True,1.3472295206488616e-07,2.581023123758188e-07,1.0355797534295962e-11,9.206755659658485e-09,0.004009246826171875
1000.0,10,1000.0,0.0001,4,623,True,7.981462986461262e-08,6.070360156435214e-07,3.71100594935405e-12,9.190306900633056e-09,0.003999471664428711
1000.0,10,10000.0,0.0001,5,809,True,3.178628493858547e-11,6.17256740567609e-07,6.9739364798760626e-15,1.016770104016318e-08,0.005998849868774414
1000.0,10,0.0001,1e-06,500,67772,False,26.7503499199663,2.1354935899856553e-08,0.012428053229389509,0.6170822307749293,0.4617738723754883
1000.0,10,0.001,1e-06,500,64906,False,1.7925762397379372,1.2785708426978907e-08,0.0006651015504699463,0.1454315056949388,0.4661717414855957
1000.0,10,0.01,1e-06,500,60068,False,0.0006542584874384731,4.033409935990862e-11,1.0559217896413531e-07,8.516830313634794e-05,0.42455148696899414
1000.0,10,0.1,1e-06,98,10569,True,8.674693310515578e-07,1.5333100358335718e-12,1.3884684113861249e-10,1.1294101109818318e-07,0.07173538208007812
1000.0,10,1.0,1e-06,16,1680,True,4.171963748361029e-07,7.707240700169913e-12,6.721753955380544e-11,5.4313226286422163e-08,0.010877609252929688
1000.0,10,10.0,1e-06,6,716,True,7.651326101994669e-08,9.498260668519622e-11,1.3937412055032311e-11,9.934804543119403e-09,0.0051953792572021484
1000.0,10,100.0,1e-06,3,503,True,4.926428567084233e-07,7.365685605506207e-08,1.5967935928438227e-10,5.891000111905288e-08,0.003618955612182617
1000.0,10,1000.0,1e-06,3,640,True,8.14727811388345e-09,1.3581292088941107e-07,1.0678840234810221e-12,2.3164102939101495e-09,0.0036454200744628906
1000.0,10,10000.0,1e-06,4,1100,True,2.4329103373358455e-11,5.044454275005452e-09,1.3698803799756552e-15,1.0199785408204094e-10,0.007220745086669922
1000.0,11,0.0001,0.01,500,28534,False,26.33615033176234,0.0002098741216565653,0.018349633635253635,0.5509345906924913,0.20866036415100098
1000.0,11,0.001,0.01,500,28416,False,1.4215590516964085,0.00011179142843431793,0.0007308958597309434,0.08765403885251746,0.20970964431762695
1000.0,11,0.01,0.01,500,24836,False,1.2842623397762626e-05,1.0542677184798598e-08,2.6275064470069254e-09,1.06772372232105e-06,0.1817455291748047
1000.0,11,0.1,0.01,68,3081,True,8.964027279055663e-07,7.702877344237404e-09,1.798690523381522e-10,7.461488026267693e-08,0.023807764053344727
1000.0,11,1.0,0.01,13,489,True,5.799746651566537e-07,1.726513887165993e-07,1.073480815557292e-10,4.835711315127164e-08,0.0036232471466064453
1000.0,11,10.0,0.01,8,318,True,1.0238129501430604e-07,4.2135693861267e-07,4.023094674049965e-11,7.546147360342729e-09,0.002597332000732422
1000.0,11,100.0,0.01,9,534,True,1.2554017794055763e-09,3.0654549936309553e-07,5.181386333185507e-13,6.643954677812674e-09,0.0036258697509765625
1000.0,11,1000.0,0.01,10,749,True,3.0433095443709236e-10,1.0679843535302248e-07,9.031147842685777e-14,1.3172856803963178e-09,0.0051784515380859375
1000.0,11,10000.0,0.01,11,990,True,8.831087369134008e-12,1.3972957937323832e-07,1.877932443658668e-15,3.5028281546776342e-09,0.0066449642181396484
1000.0,11,0.0001,0.0001,500,48546,False,26.333033270701165,2.766492203037233e-06,0.01834780282995077,0.5508925151813608,0.32645440101623535
1000.0,11,0.001,0.0001,500,47628,False,1.420436083625636,1.1607118040142272e-06,0.0007303875090954347,0.08758005894798153,0.32535791397094727
1000.0,11,0.01,0.0001,500,44363,False,1.2715212039368964e-05,1.045464691395423e-10,2.602381418122085e-09,1.057211960158164e-06,0.3000211715698242
1000.0,11,0.1,0.0001,67,5554,True,9.499859287617095e-07,8.527507274230282e-11,1.934127011218185e-10,7.901148151660471e-08,0.03424549102783203
1000.0,11,1.0,0.0001,12,866,True,8.561952508266111e-07,2.185800047256659e-09,1.9078513219087754e-10,7.103146408225939e-08,0.00863194465637207
1000.0,11,10.0,0.0001,5,365,True,2.8457387834730664e-07,5.925980531943864e-08,7.843799447012897e-11,2.357043150151494e-08,0.002000093460083008
1000.0,11,100.0,0.0001,4,459,True,2.380243807179282e-07,4.838796991171271e-07,9.073486683233718e-11,1.2321854811232515e-08,0.0031366348266601562
1000.0,11,1000.0,0.0001,5,665,True,1.4713971947202637e-10,1.638494495570167e-07,6.897133702164562e-14,3.515716274361937e-09,0.004400014877319336
1000.0,11,10000.0,0.0001,5,791,True,2.0950341846663924e-11,7.379986983216575e-07,3.0729803623505476e-15,7.811817789202369e-09,0.005746126174926758
1000.0,11,0.0001,1e-06,500,67210,False,26.33304236750179,2.2813764038495542e-08,0.018347808396351837,0.5508926484835166,0.44846057891845703
1000.0,11,0.001,1e-06,500,65578,False,1.4204289987805863,1.0883539744294354e-08,0.0007303868558779744,0.08757972656438524,0.4645199775695801
1000.0,11,0.01,1e-06,500,61308,False,1.2715716815205469e-05,1.5409121335762564e-12,2.6024876066657173e-09,1.057253554794031e-06,0.4078950881958008
1000.0,11,0.1,1e-06,67,7564,True,9.501001787803303e-07,1.4958447935265954e-12,1.9345350347218527e-10,7.901998490456878e-08,0.05003166198730469
1000.0,11,1.0,1e-06,12,1243,True,8.446650329763137e-07,2.2975832723607075e-11,1.8843242428123571e-10,7.007011415665718e-08,0.008768081665039062
1000.0,11,10.0,1e-06,5,582,True,2.468451513633086e-07,4.0952948127667044e-10,7.910175822839669e-11,1.9886723306991338e-08,0.0035991668701171875
1000.0,11,100.0,1e-06,3,484,True,2.4839014984137633e-07,7.244464256446757e-08,1.1172724929320997e-10,1.8854632197631922e-08,0.0036623477935791016
1000.0,11,1000.0,1e-06,3,622,True,4.485182589623755e-09,2.353610979948021e-07,4.950912806009216e-13,4.045715577660688e-09,0.004751682281494141
1000.0,11,10000.0,1e-06,4,1115,True,1.9183742433007874e-11,4.198687065096132e-09,5.463076199734307e-15,8.622724224143363e-11,0.0077457427978515625
1000.0,12,0.0001,0.01,500,29073,False,26.057718852179097,0.000258296038464924,0.014069714735701608,0.6574497047864861,0.21821045875549316
1000.0,12,0.001,0.01,500,26744,False,2.0919022781595475,0.00015652463361823902,0.0009997149080754573,0.17590271725485157,0.19723987579345703
1000.0,12,0.01,0.01,500,24289,False,0.0003071186565825289,1.9337733935961754e-07,7.92123101245824e-08,3.4396039200682706e-05,0.17581796646118164
1000.0,12,0.1,0.01,89,4113,True,8.607237991680923e-07,5.0643881561972714e-09,1.9907418319365286e-10,9.672824187372853e-08,0.030104875564575195
1000.0,12,1.0,0.01,13,481,True,9.829855002092867e-07,2.111128119611488e-07,3.01657116868503e-10,1.0904571663951124e-07,0.0035190582275390625
1000.0,12,10.0,0.01,8,324,True,6.711049078183833e-08,3.8524380612906724e-07,5.849484665505879e-13,7.471286500606333e-09,0.002731800079345703
1000.0,12,100.0,0.01,9,558,True,1.3423164845019963e-09,2.0051274740293934e-07,2.132823392466761e-13,3.208834262995319e-09,0.003705739974975586
1000.0,12,1000.0,0.01,10,803,True,2.0969626647917326e-10,7.434329917112176e-08,2.157777279371052e-14,1.1409792519766352e-09,0.005987882614135742
1000.0,12,10000.0,0.01,10,926,True,1.6754217877119168e-10,5.780993248525375e-07,3.0825389705300743e-15,8.173504752786276e-09,0.006008625030517578
1000.0,12,0.0001,0.0001,500,48421,False,26.05232235517161,2.4834911608493175e-06,0.014067510396503162,0.6574246802484341,0.33869171142578125
1000.0,12,0.001,0.0001,500,46059,False,2.0923839546434833,1.358405317132821e-06,0.0009998384759697557,0.1759349310360338,0.34129977226257324
1000.0,12,0.01,0.0001,500,43203,False,0.000307582352589897,2.0643546597272764e-09,7.934062183674369e-08,3.444759602210233e-05,0.31133389472961426
1000.0,12,0.1,0.0001,89,7037,True,8.734385214273419e-07,5.536256708943197e-11,2.0184127567619869e-10,9.815678901947615e-08,0.051464080810546875
1000.0,12,1.0,0.0001,15,1098,True,4.449291494295912e-07,9.583690682415142e-10,1.1510141800931288e-10,4.982828995144645e-08,0.008264303207397461
1000.0,12,10.0,0.0001,6,443,True,5.612495141364113e-08,6.279061140293496e-09,1.81925578537884e-11,6.1173404819212535e-09,0.0032889842987060547
1000.0,12,100.0,0.0001,4,467,True,8.365185644442418e-08,3.035043776061522e-07,1.0571934368357953e-11,9.503733847203761e-09,0.0029997825622558594
1000.0,12,1000.0,0.0001,4,617,True,1.1460843691954274e-07,7.084700719295836e-07,1.0835858419263337e-11,1.2579787421268186e-08,0.0041925907135009766
1000.0,12,10000.0,0.0001,5,844,True,1.2494270311101365e-11,3.6890656782231274e-07,5.284352520908699e-15,6.577098191070596e-09,0.0064144134521484375
1000.0,12,0.0001,1e-06,500,66972,False,26.05231996430926,2.5966316107281276e-08,0.014067504816778528,0.6574247534708646,0.4689638614654541
1000.0,12,0.001,1e-06,500,65297,False,2.0923873240580297,1.3810497481715421e-08,0.0009998388648718261,0.17593549678639286,0.4601857662200928
1000.0,12,0.01,1e-06,500,59817,False,0.000307582229569579,2.1012314373881797e-11,7.934012760299543e-08,3.44475895060028e-05,0.4345667362213135
1000.0,12,0.1,1e-06,89,9858,True,8.737259437857106e-07,1.8621291754807694e-12,2.0190277966803926e-10,9.818912915110475e-08,0.07703351974487305
1000.0,12,1.0,1e-06,15,1589,True,4.481809057177144e-07,7.820875010567709e-12,1.1590963036987186e-10,5.019344848927027e-08,0.01298069953918457
1000.0,12,10.0,1e-06,6,715,True,5.4153822161865216e-08,7.406437533326455e-11,1.8022431060129142e-11,5.906585174519031e-09,0.0050046443939208984
1000.0,12,100.0,1e-06,3,488,True,6.201280298738297e-07,1.0684691799243668e-07,2.8301847158940793e-10,6.215894324533056e-08,0.00500035285949707
1000.0,12,1000.0,1e-06,3,641,True,5.359959276452176e-09,7.584070357058002e-08,1.5373062208743556e-12,1.7540722155769367e-09,0.004999399185180664
1000.0,12,10000.0,1e-06,4,1113,True,1.2990722791608252e-11,3.868645599003318e-09,4.990777380858216e-15,7.602727203884358e-11,0.009007453918457031
1000.0,13,0.0001,0.01,500,28460,False,22.404543923677807,0.00020674838103076587,0.007580278809055033,0.4843459294863421,0.22361373901367188
1000.0,13,0.001,0.01,500,27792,False,0.9073411181956609,5.773770841147565e-05,0.0001573451722909076,0.08638909354890599,0.21407341957092285
1000.0,13,0.01,0.01,500,24682,False,1.3911734499890123e-05,9.22868635786786e-09,1.1006460857042297e-09,1.7083845590937911e-06,0.1833798885345459
1000.0,13,0.1,0.01,68,2919,True,9.29154821965315e-07,8.69039094017456e-09,7.085145122078716e-11,1.141496641771801e-07,0.02115631103515625
1000.0,13,1.0,0.01,13,464,True,6.226893577831395e-07,1.5869581648375145e-07,4.2779325004717545e-11,7.680109553426374e-08,0.0035333633422851562
1000.0,13,10.0,0.01,8,305,True,1.1330717934843237e-07,3.339263230536992e-07,1.3515484469937439e-12,1.1493719617572848e-08,0.0025675296783447266
1000.0,13,100.0,0.01,9,490,True,2.563533130741811e-09,8.317518421359796e-07,4.88779470617238e-13,1.4288536373619415e-08,0.003114938735961914
1000.0,13,1000.0,0.01,10,717,True,4.521310443851145e-10,1.476706690020024e-07,6.125112048896557e-14,2.277819268682437e-09,0.005589962005615234
1000.0,13,10000.0,0.01,11,917,True,1.8496122562380887e-11,4.6674808478499896e-07,2.6825308243342587e-15,1.2999660917193584e-08,0.005864858627319336
1000.0,13,0.0001,0.0001,500,48814,False,22.393081437010945,1.6976661206530217e-06,0.007576891490980169,0.4842836663327704,0.3427751064300537
1000.0,13,0.001,0.0001,500,47292,False,0.9074033173486662,5.605494525123926e-07,0.00015733707964376458,0.08640587736175857,0.3334062099456787
1000.0,13,0.01,0.0001,500,43779,False,1.398455120499025e-05,1.1005810256244587e-10,1.1055683062226477e-09,1.7173577710114319e-06,0.3091154098510742
1000.0,13,0.1,0.0001,68,5201,True,9.199575235680947e-07,9.737569636687289e-11,7.050730487044861e-11,1.1303018856546879e-07,0.0370182991027832
1000.0,13,1.0,0.0001,12,850,True,7.596461858062808e-07,1.962274191109912e-09,7.322381441855777e-11,9.252045725687267e-08,0.005952596664428711
1000.0,13,10.0,0.0001,5,380,True,3.047405592676305e-07,4.829856931150315e-08,1.9954229081045742e-11,3.654440581723043e-08,0.003079652786254883
1000.0,13,100.0,0.0001,4,458,True,3.1209081108179105e-07,6.379147250651249e-07,4.0501297474269356e-11,1.5365857145378588e-08,0.003002643585205078
1000.0,13,1000.0,0.0001,5,665,True,1.0945707865554461e-10,2.056392727793821e-07,4.470884707223764e-16,4.230890034144902e-09,0.003995418548583984
1000.0,13,10000.0,0.0001,6,1073,True,6.519441326069509e-12,3.6501233652711864e-09,7.824048237641587e-16,9.50257791736867e-11,0.007357120513916016
1000.0,13,0.0001,1e-06,500,67810,False,22.393098130815527,1.2792638737141392e-08,0.007576898461209248,0.48428389479446093,0.483640193939209
1000.0,13,0.001,1e-06,500,65529,False,0.9074198935684534,4.86359012624908e-09,0.0001573392696875254,0.08640730996036805,0.46050000190734863
1000.0,13,0.01,1e-06,500,60492,False,1.398488101266103e-05,1.376420575563364e-12,1.1056177094986625e-09,1.7173971682649324e-06,0.41777467727661133
1000.0,13,0.1,1e-06,68,7327,True,9.197441577618893e-07,2.0411147492685715e-12,7.049143322973796e-11,1.1300436970931281e-07,0.05193591117858887
1000.0,13,1.0,1e-06,12,1269,True,7.613678459591737e-07,9.749519218012419e-12,7.344579384427143e-11,9.271708039977178e-08,0.008997917175292969
1000.0,13,10.0,1e-06,5,579,True,1.9201384542898239e-07,4.1758492938594207e-10,2.650854606183578e-11,2.2116963633700854e-08,0.003875255584716797
1000.0,13,100.0,1e-06,3,484,True,1.4098375859927328e-07,4.59587145705101e-08,2.717191358027011e-11,1.1998843877696418e-08,0.0030057430267333984
1000.0,13,1000.0,1e-06,3,631,True,6.0877009173325286e-09,1.6534058935655816e-07,4.856498513221814e-13,4.276931435093466e-09,0.0045566558837890625
1000.0,13,10000.0,1e-06,4,1069,True,4.07072334998042e-11,4.6654349816096496e-09,2.9060750596954466e-15,1.085783571872782e-10,0.007255077362060547
1000.0,14,0.0001,0.01,500,30288,False,25.647449609286227,0.00023714917287279236,0.009605543272268148,0.5684285110011138,0.22272562980651855
1000.0,14,0.001,0.01,500,26188,False,1.7022413511721375,0.0001075373160188329,0.00045038406965394127,0.13904435953389913,0.19181132316589355
1000.0,14,0.01,0.01,500,24298,False,6.703586016018307e-05,4.901152949941837e-08,1.1246348625431343e-08,6.702748493435117e-06,0.17890501022338867
1000.0,14,0.1,0.01,76,3331,True,9.79476921814667e-07,7.317447209374472e-09,1.616622015334653e-10,9.795584053596817e-08,0.024671077728271484
1000.0,14,1.0,0.01,14,488,True,3.6902402309552683e-07,7.409707625618573e-08,6.460687408243576e-11,3.691593019069982e-08,0.003579854965209961
1000.0,14,10.0,0.01,8,316,True,1.1090024639320946e-07,3.9476168876521306e-07,1.4931681156706325e-11,8.1259826270646e-09,0.002626657485961914
1000.0,14,100.0,0.01,8,487,True,5.3226798729448825e-08,7.991985477979765e-07,1.5087698722710758e-12,1.0626544192081724e-08,0.003998756408691406
1000.0,14,1000.0,0.01,10,770,True,3.247748333118627e-10,1.1699463687257598e-07,6.98078596609579e-14,1.586131966750353e-09,0.004999637603759766
1000.0,14,10000.0,0.01,10,877,True,4.123985530358768e-10,8.074702572627793e-07,5.940668859399569e-14,1.1361815061619964e-08,0.007000446319580078
1000.0,14,0.0001,0.0001,500,48024,False,25.640630668994394,1.6005779333757604e-06,0.009602728563504729,0.5684448009928301,0.35023069381713867
1000.0,14,0.001,0.0001,500,45836,False,1.702976050724005,1.3107159740048877e-06,0.00045058833850875415,0.13908884634569613,0.33105039596557617
1000.0,14,0.01,0.0001,500,43138,False,6.73341241480253e-05,4.133886273795205e-10,1.1294701269451403e-08,6.732580282965809e-06,0.31043338775634766
1000.0,14,0.1,0.0001,77,6040,True,8.262505938656403e-07,7.050410935459428e-11,1.3608652196988733e-10,8.263368744252461e-08,0.043694257736206055
1000.0,14,1.0,0.0001,13,903,True,9.522903485804502e-07,2.0094895006875766e-09,1.6741704947130319e-10,9.510665392979941e-08,0.007010221481323242
1000.0,14,10.0,0.0001,5,375,True,4.970387043811019e-07,5.622448908095439e-08,1.1022220990920113e-10,4.852019348929785e-08,0.002000570297241211
1000.0,14,100.0,0.0001,4,443,True,8.126571568305207e-08,5.881904040854863e-07,3.3503772186849423e-13,1.1512249703260431e-08,0.003960371017456055
1000.0,14,1000.0,0.0001,4,609,True,8.522929533150305e-08,4.121446585122687e-07,4.885950108705498e-12,7.59784365333022e-09,0.004302263259887695
1000.0,14,10000.0,0.0001,6,1117,True,5.55407724273779e-12,4.830556768691016e-09,1.00011260259252e-15,8.059275744244831e-11,0.008141756057739258
1000.0,14,0.0001,1e-06,500,66950,False,25.640673141144603,2.5797460568563792e-08,0.009602736255628984,0.5684449634217621,0.47124648094177246
1000.0,14,0.001,1e-06,500,64045,False,1.7029669526370332,1.3269728764664775e-08,0.00045058648128925,0.13908824404204953,0.4466822147369385
1000.0,14,0.01,1e-06,500,60817,False,6.733159089365734e-05,4.4373352056501705e-12,1.1294254219118045e-08,6.732327392050558e-06,0.4407186508178711
1000.0,14,0.1,1e-06,77,8368,True,8.257080362001525e-07,2.079746133201785e-12,1.3600511280403628e-10,8.257941299133948e-08,0.06036186218261719
1000.0,14,1.0,1e-06,13,1334,True,9.559239185933967e-07,1.8409023125827324e-11,1.6822274018395173e-10,9.546432593925747e-08,0.009415388107299805
1000.0,14,10.0,1e-06,5,587,True,5.528530724181206e-07,5.608053202244068e-10,1.2177311042410368e-10,5.396969041471529e-08,0.003955364227294922
1000.0,14,100.0,1e-06,3,506,True,5.07674548024336e-07,7.863078250771289e-08,1.352842316400876e-10,4.7570214695224914e-08,0.002646207809448242
1000.0,14,1000.0,1e-06,3,614,True,5.233565264454912e-09,2.4292509817850163e-07,8.680977390503074e-14,2.8116028797133493e-09,0.0055315494537353516
1000.0,14,10000.0,1e-06,4,1124,True,1.7700770898746363e-11,3.4467935348974664e-09,2.00022520518504e-16,7.662839236317797e-11,0.007514476776123047
1000.0,15,0.0001,0.01,500,30039,False,27.4404959035754,0.00023542461204090163,0.009992224441300384,0.5934517059409943,0.21772384643554688
1000.0,15,0.001,0.01,500,26946,False,1.391397740383189,7.635102306926827e-05,0.0003450224171805821,0.17346802008465426,0.19440960884094238
1000.0,15,0.01,0.01,500,23965,False,0.0022950308174643163,1.7111126957846568e-06,3.470559704936118e-07,0.0003634070115268437,0.18116092681884766
1000.0,15,0.1,0.01,116,5173,True,8.943596670433808e-07,5.777711390198566e-09,1.2824114112267633e-10,1.417944982542115e-07,0.03999042510986328
1000.0,15,1.0,0.01,19,723,True,5.160736388241775e-07,6.986181999607884e-08,7.465626134646527e-11,8.188606882406085e-08,0.005999326705932617
1000.0,15,10.0,0.01,8,298,True,6.653000762386766e-08,8.643677366828147e-07,5.567974372336519e-12,1.8091650433053755e-08,0.002009868621826172
1000.0,15,100.0,0.01,9,523,True,2.429567672529789e-09,5.063141965849693e-07,2.7690617469647617e-14,1.0673937373015307e-08,0.003989458084106445
1000.0,15,1000.0,0.01,10,740,True,5.141800011945042e-10,2.430958795817381e-07,2.8672554259351433e-14,4.717120929062865e-09,0.006017446517944336
1000.0,15,10000.0,0.01,11,942,True,4.435282560417087e-11,7.956188590210638e-07,2.9458103691114487e-15,1.1344433300184228e-08,0.0069887638092041016
1000.0,15,0.0001,0.0001,500,49535,False,27.43229690122167,2.6392268012012396e-06,0.009989720521875179,0.5934244577161236,0.3526010513305664
1000.0,15,0.001,0.0001,500,45867,False,1.3916100142128227,8.059725484793505e-07,0.00034508847293488647,0.17346923227079658,0.322861909866333
1000.0,15,0.01,0.0001,500,42069,False,0.0022842044907641274,1.5626566978361143e-08,3.455992931892174e-07,0.00036168380599435433,0.2931342124938965
1000.0,15,0.1,0.0001,115,8917,True,9.26524148349056e-07,6.222463296976753e-11,1.330302432334198e-10,1.4689371729543225e-07,0.06562161445617676
1000.0,15,1.0,0.0001,17,1208,True,9.320036314298656e-07,1.5808146449142058e-09,1.3655814573146765e-10,1.4773151615953027e-07,0.009548187255859375
1000.0,15,10.0,0.0001,6,453,True,1.907349729007703e-07,1.7581060956594058e-08,3.1696134022207423e-11,2.998630936522648e-08,0.003000497817993164
1000.0,15,100.0,0.0001,5,549,True,1.196257067313277e-09,1.6358042704759824e-08,2.837797322244029e-13,2.8588893898471517e-10,0.004829883575439453
1000.0,15,1000.0,0.0001,5,663,True,3.151147184169588e-10,4.1749057831026313e-07,2.8672554259351433e-14,6.669801673351603e-09,0.004244565963745117
1000.0,15,10000.0,0.0001,6,1078,True,1.2488134514106293e-11,3.91541913260194e-09,1.3747115055853426e-15,7.291157743229094e-11,0.00765681266784668
1000.0,15,0.0001,1e-06,500,67833,False,27.432275865641625,2.0668974017613458e-08,0.009989714937596334,0.5934243760203197,0.49606919288635254
1000.0,15,0.001,1e-06,500,64408,False,1.3916070304043031,7.458014011887498e-09,0.0003450875848023219,0.1734698896331768,0.45478177070617676
1000.0,15,0.01,1e-06,500,59178,False,0.002284136509383537,1.026518027864078e-10,3.45590678461374e-07,0.0003616729486452319,0.39884519577026367
1000.0,15,0.1,1e-06,115,12590,True,9.244819172773218e-07,2.0650519761573552e-12,1.327364477459404e-10,1.4656990949540475e-07,0.08483171463012695
1000.0,15,1.0,1e-06,17,1748,True,9.351892181848248e-07,1.485081885916514e-11,1.3702967177788343e-10,1.4823726249727904e-07,0.012197494506835938
1000.0,15,10.0,1e-06,6,706,True,2.011063660330857e-07,1.3224401748778178e-10,3.245202896292142e-11,3.1675050834876125e-08,0.0047724246978759766
1000.0,15,100.0,1e-06,3,482,True,7.475673931539487e-07,5.8921500081901405e-08,1.4907450121510632e-10,1.1389363659252005e-07,0.0026307106018066406
1000.0,15,1000.0,1e-06,3,622,True,3.2065494680415685e-08,4.643837249409226e-07,5.508665390238409e-12,9.668147643140338e-09,0.0019512176513671875
1000.0,15,10000.0,1e-06,4,1110,True,3.340119394750288e-11,4.0819871290982665e-09,5.302458664400608e-15,7.796194051548442e-11,0.009177207946777344
1000.0,16,0.0001,0.01,500,30396,False,27.40102365978631,0.00023162771119719,0.014715362790783044,0.6574075277961707,0.2156507968902588
1000.0,16,0.001,0.01,500,27243,False,2.060422974096871,0.0001132277914520204,0.0009090319564415757,0.19191156457791234,0.19744634628295898
1000.0,16,0.01,0.01,500,23444,False,0.0002847327905783967,2.0186363210048246e-07,1.0726576449990728e-07,2.916714063586997e-05,0.17957806587219238
1000.0,16,0.1,0.01,87,3740,True,9.265512099230457e-07,6.817179181096392e-09,3.19163107333464e-10,9.596856499442941e-08,0.027595043182373047
1000.0,16,1.0,0.01,15,530,True,5.072742384746853e-07,1.0008950095241433e-07,1.561921889787869e-10,5.30233960821984e-08,0.004580497741699219
1000.0,16,10.0,0.01,8,330,True,1.1515858342811176e-07,5.708023527660794e-07,2.943920989361722e-11,1.055853043344586e-08,0.0028655529022216797
1000.0,16,100.0,0.01,9,552,True,1.4836774888892044e-09,3.901312886257532e-07,1.7337715358370927e-13,5.6935088090112396e-09,0.003541231155395508
1000.0,16,1000.0,0.01,10,780,True,3.96184721692285e-10,1.2511720538101522e-07,3.1877163845257693e-14,2.563656161020256e-09,0.00620722770690918
1000.0,16,10000.0,0.01,11,1006,True,8.472701734557189e-12,2.094464710176032e-07,2.4520895265582843e-15,2.556417503878931e-09,0.0071370601654052734
1000.0,16,0.0001,0.0001,500,49756,False,27.39219947121551,2.931189648435445e-06,0.01471147136822783,0.6573762240476898,0.3527374267578125
1000.0,16,0.001,0.0001,500,46876,False,2.060817241340045,1.3937651237193801e-06,0.0009090887890527804,0.19195225522071968,0.3246781826019287
1000.0,16,0.01,0.0001,500,42049,False,0.0002840636750956209,1.6695574542755349e-09,1.0717822475956859e-07,2.9090131491967797e-05,0.2914113998413086
1000.0,16,0.1,0.0001,87,6893,True,8.49223092939552e-07,6.049272604259064e-11,2.99681111804398e-10,8.775230790669891e-08,0.047284841537475586
1000.0,16,1.0,0.0001,15,1104,True,3.9941427952366924e-07,8.059749327248136e-10,1.507515792815956e-10,4.0910843881316554e-08,0.007239818572998047
1000.0,16,10.0,0.0001,6,469,True,6.210587234855971e-08,9.56810753727114e-09,2.4818175060537938e-11,6.251212941069131e-09,0.0036618709564208984
1000.0,16,100.0,0.0001,4,454,True,1.9596648785882086e-07,5.697891948001475e-07,3.130943299957926e-11,1.5710312033499938e-08,0.0030107498168945312
1000.0,16,1000.0,0.0001,4,616,True,2.1574289003228744e-07,6.744892089547556e-07,1.7776350902504088e-11,1.4139506227287288e-08,0.004323005676269531
1000.0,16,10000.0,0.0001,6,1151,True,8.77480590945162e-12,2.942475209933358e-09,1.5866461642435957e-15,5.768325532248116e-11,0.008373498916625977
1000.0,16,0.0001,1e-06,500,66780,False,27.392201992867932,2.399418466051095e-08,0.01471147156630719,0.6573763758216458,0.45453834533691406
1000.0,16,0.001,1e-06,500,65158,False,2.0608204152856255,1.4166625139694202e-08,0.0009090911368249374,0.19195243621817637,0.4618866443634033
1000.0,16,0.01,1e-06,500,59418,False,0.0002840575135829439,1.793114028965096e-11,1.071754563504931e-07,2.9089511680161697e-05,0.42539548873901367
1000.0,16,0.1,1e-06,87,9603,True,8.494404335361032e-07,1.6931186104645425e-12,2.9976895430567296e-10,8.777426484196812e-08,0.06633758544921875
1000.0,16,1.0,1e-06,15,1589,True,3.996225271650366e-07,6.649763848376622e-12,1.5058036573641769e-10,4.09468729668141e-08,0.009493350982666016
1000.0,16,10.0,1e-06,6,700,True,6.117207475869174e-08,7.543464326636559e-11,2.4671193929504826e-11,6.188356217921047e-09,0.006707668304443359
1000.0,16,100.0,1e-06,3,508,True,5.616595511334736e-07,8.148904417239488e-08,2.5669843449335783e-10,5.510486225321694e-08,0.003553628921508789
1000.0,16,1000.0,1e-06,3,648,True,9.504504449070939e-09,2.1008459393957267e-07,1.4625992823118237e-12,2.7458607783603304e-09,0.004754066467285156
1000.0,16,10000.0,1e-06,4,1161,True,2.364070791506549e-11,6.13121557677677e-09,2.01936784540094e-15,1.0450475834696494e-10,0.00731968879699707
1000.0,17,0.0001,0.01,500,29445,False,26.69353754661735,0.0002575455143845417,0.025452137934854988,0.6533539706053375,0.20651721954345703
1000.0,17,0.001,0.01,500,26529,False,2.0738380056108645,0.00017885805681141056,0.001790902757184063,0.15574483080550114,0.18834710121154785
1000.0,17,0.01,0.01,500,24076,False,0.0015402952512906657,1.1533524761428756e-06,2.5805411846301025e-07,0.0002558078208811106,0.16955351829528809
1000.0,17,0.1,0.01,121,5090,True,9.787794850027226e-07,8.00333667966955e-09,1.0210045509396306e-10,1.6372256534461236e-07,0.03574562072753906
1000.0,17,1.0,0.01,19,678,True,4.946929722651462e-07,6.268280705135748e-08,4.962424019286874e-11,8.280485327163888e-08,0.005411386489868164
1000.0,17,10.0,0.01,8,322,True,7.216571886307215e-08,5.42130520800429e-07,4.2154868145318234e-11,9.325865923961764e-09,0.002489328384399414
1000.0,17,100.0,0.01,9,533,True,1.655223238712479e-09,4.478786309687799e-07,6.161318996023869e-13,8.90075342564007e-09,0.0036821365356445312
1000.0,17,1000.0,0.01,10,776,True,1.5384731403243993e-10,7.669646980372417e-08,4.4419925136510994e-14,1.5102061621039268e-09,0.0057675838470458984
1000.0,17,10000.0,0.01,11,1014,True,9.885021237414115e-12,1.540730062413234e-07,3.232716923681393e-15,1.5354755709769196e-09,0.007241249084472656
1000.0,17,0.0001,0.0001,500,48938,False,26.69108909360551,1.7821086083182033e-06,0.02544935474415455,0.6533803159652823,0.3299291133880615
1000.0,17,0.001,0.0001,500,45098,False,2.074303221247476,1.6154462981895127e-06,0.0017916555387782335,0.15574489534448183,0.31716322898864746
1000.0,17,0.01,0.0001,500,42671,False,0.001530140651195009,1.0491130624424858e-08,2.5730085554961706e-07,0.00025408477108953723,0.32012462615966797
1000.0,17,0.1,0.0001,121,9465,True,9.006327235941917e-07,5.312259912664686e-11,9.37150268544464e-11,1.5065061860684358e-07,0.07056045532226562
1000.0,17,1.0,0.0001,18,1306,True,4.828030201427602e-07,5.789985598194459e-10,5.548910707396538e-11,8.074103440457839e-08,0.010001182556152344
1000.0,17,10.0,0.0001,6,465,True,7.568391047500223e-08,7.244891860771517e-09,2.9715732613761527e-11,1.0996419665599525e-08,0.0029993057250976562
1000.0,17,100.0,0.0001,4,454,True,8.745780899669653e-08,4.0492553287079943e-07,1.9956758872449565e-11,9.564480120639923e-09,0.003999471664428711
1000.0,17,1000.0,0.0001,4,621,True,1.292448603446373e-07,8.522947796389017e-07,5.770639169284152e-12,1.4899984140874274e-08,0.0039997100830078125
1000.0,17,10000.0,0.0001,5,840,True,1.5547974189938014e-11,5.98069698185735e-07,3.9510984622772585e-15,9.185673988555606e-09,0.006012916564941406
1000.0,17,0.0001,1e-06,500,67626,False,26.691085854270153,2.561136744251904e-08,0.02544935462844687,0.6533802311846858,0.46410369873046875
1000.0,17,0.001,1e-06,500,63169,False,2.0743059309688663,1.709492522645837e-08,0.0017916529069617248,0.1557458289849275,0.42273521423339844
1000.0,17,0.01,1e-06,500,58990,False,0.0015302365216402474,6.557485022242617e-11,2.573178309053741e-07,0.0002541006659221388,0.39639806747436523
1000.0,17,0.1,1e-06,121,13322,True,9.021813073573652e-07,1.4932228736869193e-12,9.387893757550268e-11,1.509096577565345e-07,0.0887598991394043
1000.0,17,1.0,1e-06,18,1917,True,4.857735410100531e-07,3.89996463190621e-12,5.5789510287354884e-11,8.123808735609572e-08,0.013251066207885742
1000.0,17,10.0,1e-06,6,715,True,1.2890999331010234e-07,7.183254412643188e-11,3.5746425900017385e-11,2.0631868189411347e-08,0.004937887191772461
1000.0,17,100.0,1e-06,3,517,True,5.864906580618411e-07,7.737068395120737e-08,4.066957839519435e-10,7.209865726849973e-08,0.0036389827728271484
1000.0,17,1000.0,1e-06,3,639,True,9.745135491850263e-09,1.6302877674103305e-07,3.687691898125441e-14,2.847486889394965e-09,0.0036427974700927734
1000.0,17,10000.0,1e-06,3,763,True,6.82443778706449e-10,5.665776942605486e-07,8.357171898998565e-14,9.395062330170682e-09,0.005725860595703125
1000.0,18,0.0001,0.01,500,30437,False,20.60150397737813,0.0001486200754443678,0.010039522968228963,0.6194912114093835,0.21855640411376953
1000.0,18,0.001,0.01,500,27954,False,1.242214695553981,9.839724023118016e-05,0.00046156291389638646,0.12737212702017345,0.210068941116333
1000.0,18,0.01,0.01,500,24230,False,2.606565723330646e-05,2.0159340502359056e-08,5.885435949812724e-09,3.199023318790631e-06,0.1813216209411621
1000.0,18,0.1,0.01,70,3069,True,9.380816636535117e-07,7.431344040667296e-09,2.2615383325325755e-10,1.1187395172952557e-07,0.02184009552001953
1000.0,18,1.0,0.01,14,508,True,5.768064846159543e-07,1.2127081681282088e-07,1.6641017343461797e-11,7.731102711830151e-08,0.0033502578735351562
1000.0,18,10.0,0.01,8,303,True,1.8078506371382064e-07,5.417239752588523e-07,3.891522168334242e-11,2.2185067469034666e-08,0.0023529529571533203
1000.0,18,100.0,0.01,9,535,True,1.1458856554903264e-09,5.202415390328874e-07,4.050751943649617e-15,1.63988556570999e-08,0.0033516883850097656
1000.0,18,1000.0,0.01,10,788,True,1.6493059900602654e-10,1.1478838512042407e-07,5.2835894917168915e-15,2.091665370919693e-09,0.005970478057861328
1000.0,18,10000.0,0.01,10,941,True,1.948183117978094e-10,4.891911923311935e-07,6.234635600225932e-14,8.033426536085333e-09,0.0057659149169921875
1000.0,18,0.0001,0.0001,500,49886,False,20.595169800195134,1.81447757383312e-06,0.010036939798590296,0.6194333465233455,0.33833861351013184
1000.0,18,0.001,0.0001,500,46967,False,1.2414613489717803,7.985751465681908e-07,0.0004613696690339572,0.12727957038661855,0.3188967704772949
1000.0,18,0.01,0.0001,500,42704,False,2.6438837816015695e-05,1.9723717037324286e-10,5.870315901764278e-09,3.2606416371247768e-06,0.2973017692565918
1000.0,18,0.1,0.0001,71,5481,True,9.961281657561098e-07,8.360500776872865e-11,1.968924340498808e-10,1.2557372426615068e-07,0.0396885871887207
1000.0,18,1.0,0.0001,13,890,True,4.1454540516546113e-07,1.0857769998914712e-09,1.0464659735329503e-10,4.986438027796891e-08,0.0066394805908203125
1000.0,18,10.0,0.0001,5,364,True,3.424248538581682e-07,7.399542489838053e-08,1.0779684952790637e-10,3.789068747172203e-08,0.0029926300048828125
1000.0,18,100.0,0.0001,4,462,True,1.4149537160498172e-07,3.9920416978345334e-07,3.147099632881277e-11,9.052580418918731e-09,0.003420591354370117
1000.0,18,1000.0,0.0001,4,613,True,1.3715630802945112e-07,4.7292250666964134e-07,1.5742631010220203e-11,1.597476929695377e-08,0.0036106109619140625
1000.0,18,10000.0,0.0001,5,797,True,2.501603045195839e-11,6.488635078456768e-07,1.0567178983433784e-15,1.0094897916187851e-08,0.006293535232543945
1000.0,18,0.0001,1e-06,500,68253,False,20.595173885838467,1.7581716119184058e-08,0.010036938834841382,0.6194332898685706,0.4588189125061035
1000.0,18,0.001,1e-06,500,64776,False,1.2414528610758815,5.74470911578932e-09,0.00046136661698222464,0.12727888404333987,0.4671180248260498
1000.0,18,0.01,1e-06,500,59868,False,2.643975803321795e-05,2.532095448901849e-12,5.870319776396572e-09,3.2607773016488127e-06,0.40596723556518555
1000.0,18,0.1,1e-06,72,7792,True,8.200647959441096e-07,1.1504960042639593e-12,1.5958941164011092e-10,1.036488053896646e-07,0.052369117736816406
1000.0,18,1.0,1e-06,13,1352,True,4.2158531877770924e-07,5.985196748489905e-12,1.0576583772729039e-10,5.081999762279244e-08,0.009886503219604492
1000.0,18,10.0,1e-06,5,567,True,3.356751266283844e-07,6.349417769664663e-10,1.0365099297340584e-10,3.8449651037647585e-08,0.0039997100830078125
1000.0,18,100.0,1e-06,3,486,True,2.853761777716685e-07,4.873144498094416e-08,1.0773238973610742e-10,3.1113657141225945e-08,0.0029997825622558594
1000.0,18,1000.0,1e-06,3,618,True,6.3026516865506405e-09,2.3816492904731854e-07,1.0255447203422488e-12,4.84630759007993e-09,0.004994392395019531
1000.0,18,10000.0,1e-06,4,1123,True,1.1068310419257816e-11,2.9528555939200653e-09,2.6417947458584457e-15,9.065435631635039e-11,0.007005929946899414
1000.0,19,0.0001,0.01,500,29978,False,33.533432573916976,0.00024496947855596644,0.03849027206645873,0.5838479239012495,0.20657968521118164
1000.0,19,0.001,0.01,500,28107,False,1.8626112072790535,0.0001363224448860623,0.0017058806800807108,0.09606566273911048,0.2010180950164795
1000.0,19,0.01,0.01,500,25474,False,2.49760086080798e-05,1.3891951173287751e-08,8.824001875822691e-09,1.7458355339261155e-06,0.17552733421325684
1000.0,19,0.1,0.01,71,3266,True,8.533959361646439e-07,7.3015230551368396e-09,2.9362552916719274e-10,5.970553775319924e-08,0.022358179092407227
1000.0,19,1.0,0.01,13,485,True,7.838815955984837e-07,1.9494943706837557e-07,2.4832647693035414e-10,5.4835793350590245e-08,0.003700733184814453
1000.0,19,10.0,0.01,8,319,True,1.0409398931910451e-07,2.6530221193184567e-07,6.306161780058225e-11,4.559206355409624e-09,0.002007722854614258
1000.0,19,100.0,0.01,9,543,True,1.1930631978070036e-09,3.302236309920633e-07,7.273479495171416e-13,4.4249737012633776e-09,0.003656625747680664
1000.0,19,1000.0,0.01,10,747,True,6.884807057347006e-10,1.7396861547631095e-07,1.4373585666895356e-13,1.6407033709470108e-09,0.005167484283447266
1000.0,19,10000.0,0.01,11,985,True,1.207118478979733e-11,2.985446941660228e-07,1.6400179245031377e-15,3.305675753394013e-09,0.007359981536865234
1000.0,19,0.0001,0.0001,500,49558,False,33.53139568026741,3.2470126549417833e-06,0.03848827148537429,0.5838479793644537,0.33443307876586914
1000.0,19,0.001,0.0001,500,47363,False,1.8626478994503877,1.262393286735396e-06,0.0017059429328510427,0.09607196713075512,0.3309319019317627
1000.0,19,0.01,0.0001,500,45331,False,2.507710203197951e-05,8.183042066610641e-11,8.858109914319272e-09,1.7528846522199793e-06,0.32195162773132324
1000.0,19,0.1,0.0001,71,5839,True,8.456922904086443e-07,6.657052096245817e-11,2.9186684423143806e-10,5.914325497002555e-08,0.041063547134399414
1000.0,19,1.0,0.0001,13,946,True,4.27356958972517e-07,9.212664364249559e-10,1.661821962809407e-10,2.9779459333982628e-08,0.007340908050537109
1000.0,19,10.0,0.0001,5,373,True,3.6756067459716193e-07,7.160422328274212e-08,1.8861389287574475e-10,2.519001156768825e-08,0.00267791748046875
1000.0,19,100.0,0.0001,4,460,True,1.3364621787805256e-07,2.933650660307476e-07,4.6259751308185074e-11,8.683521696673266e-09,0.0026438236236572266
1000.0,19,1000.0,0.0001,4,601,True,3.5192410494735225e-07,7.444021345962168e-07,1.430201059890454e-11,1.651533775171362e-08,0.0036156177520751953
1000.0,19,10000.0,0.0001,6,1096,True,7.05918048154631e-12,5.2344271924393885e-09,3.0457475740772555e-15,7.962310683027016e-11,0.008261919021606445
1000.0,19,0.0001,1e-06,500,68339,False,33.531400346676214,3.34870867345165e-08,0.03848827952181706,0.5838477878612031,0.47458457946777344
1000.0,19,0.001,1e-06,500,64484,False,1.862643290823035,1.516279479970441e-08,0.0017059371062713871,0.09607185367984947,0.46424412727355957
1000.0,19,0.01,1e-06,500,61675,False,2.5076433780739076e-05,1.9221430155011892e-12,8.857883006125003e-09,1.7528366400622327e-06,0.41748547554016113
1000.0,19,0.1,1e-06,71,8057,True,8.451533049709724e-07,1.7450654527068597e-12,2.916667620446487e-10,5.910567635577049e-08,0.05250096321105957
1000.0,19,1.0,1e-06,13,1388,True,4.265472876301262e-07,6.3457266658291596e-12,1.6591452192683428e-10,2.9722243175087012e-08,0.011551141738891602
1000.0,19,10.0,1e-06,5,580,True,3.698563694937461e-07,5.197427234920045e-10,2.0988843968067438e-10,2.4764469828992135e-08,0.005101442337036133
1000.0,19,100.0,1e-06,3,499,True,3.0762622423107966e-07,6.085887323002996e-08,2.70610337623678e-10,1.8833492356485772e-08,0.0037932395935058594
1000.0,19,1000.0,1e-06,3,617,True,1.3418160845295523e-08,3.6291149060852246e-07,2.530313369233412e-13,4.120868490317582e-09,0.004552602767944336
1000.0,19,10000.0,1e-06,4,1113,True,2.2474590400040246e-11,4.220057038191115e-09,1.5228737870386277e-15,6.22019668070482e-11,0.007980823516845703
10000.0,0,0.0001,0.01,500,66689,False,19.60207128666367,0.00016067228601160505,0.0006134697104749248,0.7156132927383865,0.4853801727294922
10000.0,0,0.001,0.01,500,56777,False,1.82235312460639,0.000145710032787867,5.7758428038292695e-05,0.24987184401056142,0.39499855041503906
10000.0,0,0.01,0.01,500,51169,False,0.0197244031935715,1.4126741752612567e-05,2.3678117123052784e-07,0.0068771795454595375,0.36131930351257324
10000.0,0,0.1,0.01,196,17215,True,9.500818305509305e-07,5.892866979255523e-09,1.1132835214361282e-11,3.3160525306553555e-07,0.12006855010986328
10000.0,0,1.0,0.01,21,1565,True,8.771996151735074e-07,8.745620316331822e-08,1.0416877855413246e-11,3.0611441628764605e-07,0.00880289077758789
10000.0,0,10.0,0.01,10,641,True,3.501891858188003e-08,2.198693995246011e-07,4.988983976209536e-13,1.2320514933358187e-08,0.0068552494049072266
10000.0,0,100.0,0.01,10,764,True,1.3746042078720631e-09,7.079368426004966e-08,1.5973267800030533e-15,1.6563677765250159e-09,0.005115032196044922
10000.0,0,1000.0,0.01,10,1213,True,2.4538731520478764e-10,1.8318084621792792e-07,4.7919803400091604e-15,4.589411528121324e-09,0.008379936218261719
10000.0,0,10000.0,0.01,11,1619,True,2.132177168246461e-11,3.8343084321278264e-07,3.549615066673452e-16,1.0210772045664881e-08,0.010926008224487305
10000.0,0,0.0001,0.0001,500,105520,False,19.57408409398355,2.159248896231798e-06,0.0006128619730077333,0.7152719651922269,0.7291843891143799
10000.0,0,0.001,0.0001,500,97176,False,1.817532494924015,1.5566705024163055e-06,5.75965609721383e-05,0.24943864388612358,0.6795709133148193
10000.0,0,0.01,0.0001,500,87960,False,0.019574882801345284,1.4214690860861296e-07,2.3516030553317166e-07,0.006824367143304387,0.6130533218383789
10000.0,0,0.1,0.0001,195,30822,True,9.898387259795212e-07,4.371509875847506e-11,1.1607241268022188e-11,3.454811720484506e-07,0.20868563652038574
10000.0,0,1.0,0.0001,26,3776,True,6.244102329469688e-07,5.219045848243512e-10,7.323565805560666e-12,2.179365089654054e-07,0.02824854850769043
10000.0,0,10.0,0.0001,7,905,True,6.292209847388978e-07,3.2153450665831624e-08,7.531395767714398e-12,2.1953290806026252e-07,0.0069963932037353516
10000.0,0,100.0,0.0001,5,681,True,2.4826019528642964e-09,1.363509161815188e-08,4.028813100674368e-14,5.782353021722684e-10,0.005516529083251953
10000.0,0,1000.0,0.0001,5,997,True,4.5599844220632686e-10,3.691994986744202e-07,3.549615066673452e-16,7.433055519540997e-09,0.007591962814331055
10000.0,0,10000.0,0.0001,6,1710,True,1.291153159613147e-11,5.611731562493487e-09,3.549615066673452e-16,1.3335795657148097e-10,0.011011362075805664
10000.0,0,0.0001,1e-06,500,142152,False,19.57384005872582,2.0673609093811177e-08,0.000612852491204265,0.7152751400928586,0.9838225841522217
10000.0,0,0.001,1e-06,500,135400,False,1.8176497202458874,7.629393486212472e-09,5.7598911533447274e-05,0.24945039772909547,0.9251959323883057
10000.0,0,0.01,1e-06,500,122262,False,0.019582368463604154,1.032273959905275e-09,2.3525223967599472e-07,0.006826949554445244,0.8837010860443115
10000.0,0,0.1,1e-06,195,43055,True,9.84704707630176e-07,1.9284980147894697e-11,1.154689781188874e-11,3.436893148985475e-07,0.3005709648132324
10000.0,0,1.0,1e-06,25,5009,True,9.635989024874709e-07,2.1031747685511933e-11,1.1304636583588276e-11,3.363227535766209e-07,0.034879446029663086
10000.0,0,10.0,1e-06,7,1277,True,2.894905038747119e-07,1.6489146200167953e-10,3.467263997126628e-12,1.0101867396570625e-07,0.00919198989868164
10000.0,0,100.0,1e-06,4,836,True,2.542951261950627e-08,1.548145411071735e-09,3.666752363873676e-13,8.82138487862957e-09,0.005338191986083984
10000.0,0,1000.0,1e-06,3,907,True,2.1475938868835896e-08,3.90327461078739e-07,2.0836240441373162e-13,8.899522492231987e-09,0.007235288619995117
10000.0,0,10000.0,1e-06,4,1683,True,2.2693229928937493e-11,5.856397347521606e-09,5.324422600010178e-16,1.3437061649861632e-10,0.01092982292175293
10000.0,1,0.0001,0.01,500,63681,False,27.44900846726017,0.00019000960403350598,0.0014915135709859576,0.7200426340989583,0.4358367919921875
10000.0,1,0.001,0.01,500,59040,False,2.3579071744843665,0.00019831693115986862,0.00012993367175300266,0.2595354371265302,0.40561819076538086
10000.0,1,0.01,0.01,500,52481,False,0.023302939573652138,1.2288671919238183e-05,4.3796829857814664e-07,0.006527632677550153,0.3678252696990967
10000.0,1,0.1,0.01,220,18958,True,9.588584881803924e-07,4.828836916663098e-09,1.213640068083197e-11,2.720474588167479e-07,0.13945651054382324
10000.0,1,1.0,0.01,30,2245,True,7.915951611450497e-07,7.80160988708617e-08,9.94267319532038e-12,2.2462896712761658e-07,0.017000198364257812
10000.0,1,10.0,0.01,9,545,True,7.539773841975172e-08,5.635770646576245e-07,1.7514763390777844e-12,2.194538280155673e-08,0.0039920806884765625
10000.0,1,100.0,0.01,10,757,True,1.0181744369188907e-09,2.7177206683541657e-08,3.4831772203882036e-15,4.690686645221445e-10,0.005415201187133789
10000.0,1,1000.0,0.01,10,1198,True,7.070957335299288e-10,1.6060230269777887e-07,9.101204995207887e-15,3.955538952094994e-09,0.009032964706420898
10000.0,1,10000.0,0.01,11,1620,True,1.9010593629818605e-11,3.4427395347131014e-07,4.494422219855747e-16,5.4436561867752045e-09,0.011233329772949219
10000.0,1,0.0001,0.0001,500,104301,False,27.40859981166437,1.3486139580960393e-06,0.0014900576006754557,0.7197026623889428,0.7136681079864502
10000.0,1,0.001,0.0001,500,100509,False,2.3539768389297797,1.2127621018884697e-06,0.00012959591205707852,0.259253803394591,0.6783487796783447
10000.0,1,0.01,0.0001,500,92551,False,0.0225285493104933,1.0981249406470951e-07,4.278869796484193e-07,0.006305686209891981,0.6403088569641113
10000.0,1,0.1,0.0001,215,33529,True,9.694854622416979e-07,6.401503887651878e-11,1.2277300817424446e-11,2.7506228465508443e-07,0.24957585334777832
10000.0,1,1.0,0.0001,27,3870,True,9.119649868316908e-07,9.055110921550504e-10,1.156280004502288e-11,2.5874254301459926e-07,0.026761770248413086
10000.0,1,10.0,0.0001,7,875,True,3.507867464123078e-07,1.565886288936815e-08,5.286564136105322e-12,9.933688644785748e-08,0.006982326507568359
10000.0,1,100.0,0.0001,5,696,True,3.1546555446673678e-09,1.4961661459282995e-08,5.67420805256788e-14,6.987874146893192e-10,0.003999233245849609
10000.0,1,1000.0,0.0001,5,1065,True,2.1114636123513806e-10,1.9708860286770758e-07,1.4606872214531177e-15,2.9405219671161804e-09,0.0075948238372802734
10000.0,1,10000.0,0.0001,6,1753,True,1.0842265555333526e-11,6.0157289552801175e-09,2.2472111099278734e-16,1.0343620676452767e-10,0.011809110641479492
10000.0,1,0.0001,1e-06,500,142710,False,27.408568603880298,2.584460522838577e-08,0.0014900523845435226,0.7197021972695954,0.9621007442474365
10000.0,1,0.001,1e-06,500,136887,False,2.3539064215180994,1.8546785454018168e-08,0.0001295939819385799,0.25924284532196307,0.9466311931610107
10000.0,1,0.01,1e-06,500,127203,False,0.022546939447287428,1.4881590123344947e-09,4.280393260671607e-07,0.0063110649348953616,0.8843467235565186
10000.0,1,0.1,1e-06,215,47423,True,9.698007450295253e-07,1.7836837979640232e-11,1.2281458157977813e-11,2.751517266438286e-07,0.33019351959228516
10000.0,1,1.0,1e-06,27,5648,True,9.261923151889582e-07,2.3858156107977224e-11,1.1741790409928635e-11,2.627790554945992e-07,0.03728961944580078
10000.0,1,10.0,1e-06,7,1326,True,4.583641456754698e-07,2.2712111354647465e-10,6.7363523836752895e-12,1.2989219157599835e-07,0.009093284606933594
10000.0,1,100.0,1e-06,4,838,True,3.324376904763e-08,9.742155579166419e-10,7.600067973776067e-13,9.160682617366513e-09,0.0060083866119384766
10000.0,1,1000.0,1e-06,3,965,True,2.0501412142398757e-08,3.469472585651223e-07,2.0303552378198337e-13,4.176656659257915e-09,0.006998777389526367
10000.0,1,10000.0,1e-06,4,1826,True,1.844885454200625e-11,4.80354720346208e-09,6.74163332978362e-16,7.743179967108074e-11,0.012000560760498047
10000.0,2,0.0001,0.01,500,65435,False,24.168800576733805,0.00022809889187962496,0.0011792092960916643,0.7316460138735776,0.46866869926452637
10000.0,2,0.001,0.01,500,58749,False,2.587165484375705,0.0002138005925982321,0.00013301652078659962,0.22836925231003696,0.41522836685180664
10000.0,2,0.01,0.01,500,49601,False,0.008352127310423374,4.6510174468229476e-06,1.0418948462925947e-07,0.0021082318028056153,0.3454432487487793
10000.0,2,0.1,0.01,177,16309,True,9.516338697589787e-07,4.030822308949952e-09,6.597079201567362e-12,2.4681391978612514e-07,0.11524224281311035
10000.0,2,1.0,0.01,25,1953,True,9.38444029760207e-07,9.258078513333837e-08,6.975614689185885e-12,2.4337798760618035e-07,0.014084339141845703
10000.0,2,10.0,0.01,9,559,True,1.0836036838408009e-07,6.030479745495563e-07,1.7005251917399522e-12,2.0983832059934133e-08,0.00399327278137207
10000.0,2,100.0,0.01,10,731,True,1.663188021236317e-09,3.7496333204492134e-08,3.039821911121783e-14,1.018697233747378e-09,0.005997180938720703
10000.0,2,1000.0,0.01,10,1111,True,1.3109238398813825e-09,5.830094543489946e-07,3.727664825317223e-14,1.2173527854137243e-08,0.0050542354583740234
10000.0,2,10000.0,0.01,11,1512,True,1.6998710802375803e-11,6.25599492885476e-07,6.656544330923612e-16,1.7547085067472238e-08,0.012647151947021484
10000.0,2,0.0001,0.0001,500,103922,False,24.135136908069953,2.2797002105186515e-06,0.0011781161025232482,0.7312691799698872,0.7142024040222168
10000.0,2,0.001,0.0001,500,98695,False,2.578925655209216,1.5001082084886166e-06,0.0001326034711596709,0.22770600010185854,0.699692964553833
10000.0,2,0.01,0.0001,500,88597,False,0.008271287296200153,3.7486798124973734e-08,1.0213472233367216e-07,0.0020905242540281916,0.6102006435394287
10000.0,2,0.1,0.0001,175,28313,True,9.944797559414321e-07,7.350579402027019e-11,6.889967152128001e-12,2.5792906994532624e-07,0.19351673126220703
10000.0,2,1.0,0.0001,23,3288,True,6.25551732194338e-07,6.639201160056642e-10,4.4507874244665586e-12,1.6223855803673705e-07,0.021710872650146484
10000.0,2,10.0,0.0001,6,715,True,2.2859519915006557e-07,1.286590502499113e-08,2.8401255811940746e-14,5.54213869863723e-08,0.005610466003417969
10000.0,2,100.0,0.0001,5,657,True,1.0557474291163882e-08,5.388082506382501e-08,1.2935884483094887e-13,3.0726334928118065e-09,0.004250049591064453
10000.0,2,1000.0,0.0001,5,1013,True,3.999150075675466e-10,3.208662575709883e-07,1.5531936772155096e-15,8.358579552474256e-09,0.007207155227661133
10000.0,2,10000.0,0.0001,6,1661,True,2.0076101345818815e-11,6.1006304968817905e-09,0.0,1.113955618603584e-10,0.010911703109741211
10000.0,2,0.0001,1e-06,500,140447,False,24.135082038914334,1.948045982180409e-08,0.001178114471841182,0.7312663885741979,0.9694666862487793
10000.0,2,0.001,1e-06,500,137474,False,2.578827082817838,1.829690398334515e-08,0.00013259880544019595,0.22770132607521748,0.9370200634002686
10000.0,2,0.01,1e-06,500,124805,False,0.008280342965520113,5.410114945439265e-10,1.0223824468922187e-07,0.0020928111670620747,0.8839936256408691
10000.0,2,0.1,1e-06,176,39572,True,9.358597295211766e-07,1.634267207686107e-11,6.482586639075476e-12,2.4272540261094856e-07,0.2909719944000244
10000.0,2,1.0,1e-06,23,4780,True,8.239129639780977e-07,2.060592433736775e-11,5.8127163945735294e-12,2.1368568665128125e-07,0.034149885177612305
10000.0,2,10.0,1e-06,6,1075,True,8.879875246917757e-07,4.203640455238993e-10,1.115792149230519e-11,2.2626257053265081e-07,0.008000373840332031
10000.0,2,100.0,1e-06,4,774,True,1.1690313931992749e-08,1.1143596734340972e-09,3.1862658864021024e-13,2.5173282090323618e-09,0.005999565124511719
10000.0,2,1000.0,1e-06,3,927,True,2.756348301430665e-08,3.920094286290173e-07,5.749035453807693e-13,9.531192585949925e-09,0.005999565124511719
10000.0,2,10000.0,1e-06,4,1760,True,3.121877140398458e-11,4.498248273536433e-09,1.3313088661847225e-15,7.875725466521076e-11,0.009820222854614258
10000.0,3,0.0001,0.01,500,66740,False,19.34727978664506,0.00019137602809663235,0.0009192740146111952,0.7725328511235392,0.4532046318054199
10000.0,3,0.001,0.01,500,60014,False,2.384482437482358,0.00015178236469171974,0.00013719655693300453,0.29542823911673755,0.407395601272583
10000.0,3,0.01,0.01,500,55239,False,0.008891642556779582,4.644428234879754e-06,3.002819168590493e-07,0.001773979241106611,0.3711979389190674
10000.0,3,0.1,0.01,146,14195,True,9.87023687532484e-07,7.202021792967915e-09,2.2251117762659067e-11,2.0989389673181133e-07,0.09772562980651855
10000.0,3,1.0,0.01,22,1729,True,7.736466156569884e-07,1.0942814475611017e-07,2.1008732009754578e-11,1.5467577642880184e-07,0.010816574096679688
10000.0,3,10.0,0.01,9,538,True,6.56546324960696e-08,6.127472594244287e-07,5.875467230291956e-13,1.7612787183682084e-08,0.004944801330566406
10000.0,3,100.0,0.01,10,736,True,1.400761864083242e-09,5.953551455566497e-08,3.9612655949623326e-14,1.7009663927986058e-09,0.004934072494506836
10000.0,3,1000.0,0.01,10,1053,True,1.7954841860605554e-09,7.702032772823162e-07,4.970035094300566e-14,1.6005385446483147e-08,0.006323814392089844
10000.0,3,10000.0,0.01,11,1466,True,3.6026769260348506e-11,9.465021512029633e-07,3.6906201195301234e-16,1.7284667646148802e-08,0.01038813591003418
10000.0,3,0.0001,0.0001,500,108314,False,19.3209011461956,1.9331133412301242e-06,0.0009184370967525225,0.772289690843401,0.7407033443450928
10000.0,3,0.001,0.0001,500,99999,False,2.3795347237820748,1.5419467143922225e-06,0.0001369358208755616,0.29477366753363204,0.672184944152832
10000.0,3,0.01,0.0001,500,92843,False,0.00868018701573062,6.3316791522188e-08,2.9307971536812433e-07,0.0017338679049851422,0.622642993927002
10000.0,3,0.1,0.0001,145,23851,True,9.614844066345386e-07,5.263256324955655e-11,2.0261627476891028e-11,2.0603827571801794e-07,0.16821789741516113
10000.0,3,1.0,0.0001,20,2918,True,9.763571966638852e-07,1.2431209438014125e-09,2.400576158815434e-11,2.0690040539357938e-07,0.020593881607055664
10000.0,3,10.0,0.0001,6,739,True,6.480482052189319e-07,6.036385101031809e-08,1.660237762837691e-11,1.238113209045282e-07,0.005635261535644531
10000.0,3,100.0,0.0001,5,648,True,3.183857553458661e-09,2.6344930127302368e-08,1.0493663206530652e-13,9.541616582297533e-10,0.004999876022338867
10000.0,3,1000.0,0.0001,5,991,True,2.6681240905030734e-10,1.4564219161240565e-07,5.166868167342173e-15,3.3910984613670257e-09,0.006245136260986328
10000.0,3,10000.0,0.0001,6,1629,True,2.0056173620123712e-11,4.495147408836554e-09,2.460413413020082e-16,8.707279161328166e-11,0.010762929916381836
10000.0,3,0.0001,1e-06,500,143234,False,19.32097833145068,1.1460255819880646e-08,0.0009184351745438408,0.7722920538061094,0.9598879814147949
10000.0,3,0.001,1e-06,500,136617,False,2.379521839970366,1.8278424855721443e-08,0.00013693692023416122,0.2947653600679005,0.9100182056427002
10000.0,3,0.01,1e-06,500,127942,False,0.008673857177073252,4.665369354510999e-10,2.9292388852918947e-07,0.0017324528329775964,0.8708910942077637
10000.0,3,0.1,1e-06,145,32509,True,9.568486210142977e-07,2.847087067402998e-11,2.02031926583318e-11,2.0501006280651377e-07,0.2247004508972168
10000.0,3,1.0,1e-06,20,4144,True,9.54895178670215e-07,2.3879993684797198e-11,2.436129132633574e-11,2.011426364404766e-07,0.02799248695373535
10000.0,3,10.0,1e-06,6,1073,True,7.083195791250078e-07,6.257181647339242e-10,2.4664660300161117e-11,1.4114215158413547e-07,0.006998777389526367
10000.0,3,100.0,1e-06,4,801,True,1.4533892170037343e-08,1.097552260523444e-09,5.65649043653317e-13,2.79954800820838e-09,0.0060083866119384766
10000.0,3,1000.0,1e-06,3,907,True,2.6834458313650468e-08,2.8314701786198797e-07,8.905466348426188e-13,9.421179084706476e-09,0.006000041961669922
10000.0,3,10000.0,1e-06,4,1715,True,3.904527649384494e-11,5.2841190774336645e-09,9.841653652080329e-16,1.2014560506313542e-10,0.011998414993286133
10000.0,4,0.0001,0.01,500,69069,False,25.778106090675507,0.000266945559296098,0.0025167076643289148,0.6195121365116135,0.4853537082672119
10000.0,4,0.001,0.01,500,62080,False,1.7587033963328862,8.734203657539596e-05,0.00012180252839921732,0.19987152439868705,0.43260741233825684
10000.0,4,0.01,0.01,500,49998,False,0.00239886574456193,1.7929410310721336e-06,9.101716141228845e-08,0.0004096318549264002,0.35545873641967773
10000.0,4,0.1,0.01,139,13167,True,9.310020642595011e-07,6.4397678383874005e-09,1.9410730072206874e-12,2.198322030555898e-07,0.09170269966125488
10000.0,4,1.0,0.01,22,1819,True,6.551692717871473e-07,7.801883046685049e-08,1.0079702840032708e-12,1.5490719941687177e-07,0.012928247451782227
10000.0,4,10.0,0.01,9,558,True,5.6380152756778054e-08,6.539735431981217e-07,8.636068259857045e-13,1.4963617453322075e-08,0.004100799560546875
10000.0,4,100.0,0.01,9,695,True,2.1642165436682467e-09,3.626352429008328e-07,4.465195329380538e-14,5.156356414243721e-09,0.005799293518066406
10000.0,4,1000.0,0.01,10,1278,True,3.0780028110220697e-10,1.4087144151775368e-07,2.1262834901812085e-15,2.5696141148123917e-09,0.00821995735168457
10000.0,4,10000.0,0.01,10,1610,True,2.505481779969188e-10,9.108581139819848e-07,0.0,1.8723975352911597e-08,0.011536836624145508
10000.0,4,0.0001,0.0001,500,107063,False,25.736760446804908,2.5951843778934856e-06,0.0025136125847929477,0.6192149685850163,0.7219686508178711
10000.0,4,0.001,0.0001,500,102783,False,1.7568820145199686,8.655134518858027e-07,0.00012161764122974772,0.1998389993811368,0.7132258415222168
10000.0,4,0.01,0.0001,500,91195,False,0.00241768721632199,1.3628647996162892e-08,9.181727316069036e-08,0.00041258211268466524,0.6395173072814941
10000.0,4,0.1,0.0001,118,19152,True,8.912929826822953e-07,8.233248219160096e-11,3.091817632106758e-11,1.575229663010979e-07,0.12952136993408203
10000.0,4,1.0,0.0001,18,2590,True,4.990823024327728e-07,6.591432123317927e-10,1.7634835719276053e-11,8.784503074963356e-08,0.01743173599243164
10000.0,4,10.0,0.0001,6,775,True,3.383674463430641e-07,2.6350663763280474e-08,4.732771320171237e-12,7.82623260179376e-08,0.004647731781005859
10000.0,4,100.0,0.0001,4,576,True,1.8868137311435304e-07,5.795172048140859e-07,5.024519796955574e-12,3.2587624651103784e-08,0.0036978721618652344
10000.0,4,1000.0,0.0001,5,1087,True,1.3818429058214667e-10,1.4712781936043385e-07,3.693018693472625e-15,2.449436870187779e-09,0.008084297180175781
10000.0,4,10000.0,0.0001,6,1946,True,7.632439784371813e-12,4.572487779675159e-09,2.238193147559167e-16,9.152274509948735e-11,0.012780904769897461
10000.0,4,0.0001,1e-06,500,143759,False,25.736752775929656,2.2863461165478797e-08,0.0025136048512091522,0.6192124593364386,0.9561243057250977
10000.0,4,0.001,1e-06,500,140796,False,1.7568349312392857,1.2585777689885642e-08,0.00012161396663921753,0.19983760441191856,0.9673480987548828
10000.0,4,0.01,1e-06,500,125706,False,0.0024173627431800775,1.0691955557255682e-10,9.180560892901151e-08,0.00041251740979690967,0.838862419128418
10000.0,4,0.1,1e-06,118,26845,True,8.936262682742314e-07,1.3576109045156996e-11,3.08083929471798e-11,1.5872593618346667e-07,0.18294334411621094
10000.0,4,1.0,1e-06,18,3856,True,4.833530441631477e-07,2.0543405508297234e-11,1.7479728934150203e-11,8.32556922601508e-08,0.02699589729309082
10000.0,4,10.0,1e-06,6,1128,True,2.060937516780939e-07,1.7493765121836766e-10,9.07050154979828e-12,3.497133278109816e-08,0.007999897003173828
10000.0,4,100.0,1e-06,3,628,True,7.567522097989967e-07,8.108140024659074e-08,5.220764572133561e-11,1.151658921010484e-07,0.005004405975341797
10000.0,4,1000.0,1e-06,3,1013,True,1.0320295090765606e-08,9.30133392110569e-08,2.4284395651016962e-14,1.916984175323371e-09,0.006989240646362305
10000.0,4,10000.0,1e-06,4,1878,True,1.1669038157439636e-11,6.190852613120072e-09,2.238193147559167e-16,1.047148577897252e-10,0.013005971908569336
10000.0,5,0.0001,0.01,500,64165,False,18.121517979243684,0.00015330369479753535,0.0011836445765432337,0.762829615686766,0.4696485996246338
10000.0,5,0.001,0.01,500,59047,False,2.504770857613783,0.00018850355682067908,0.00017708605949308672,0.33665392974837394,0.4121572971343994
10000.0,5,0.01,0.01,500,55418,False,0.01066006295710631,6.5340660196476155e-06,4.6738137110926253e-07,0.0022790917888982454,0.37451624870300293
10000.0,5,0.1,0.01,147,15072,True,9.68538617400794e-07,6.467660303774602e-09,3.8207866607384215e-11,2.0795853938392598e-07,0.10960817337036133
10000.0,5,1.0,0.01,21,1690,True,5.993278489415447e-07,9.183831278795122e-08,2.382573191689697e-11,1.2854360214264596e-07,0.014118194580078125
10000.0,5,10.0,0.01,9,592,True,8.177432712645668e-08,8.513236002680007e-07,3.098875666724982e-12,1.9780751582745774e-08,0.004174232482910156
10000.0,5,100.0,0.01,9,691,True,2.899095797853645e-09,7.212431354343129e-07,7.686373900784272e-14,1.659650922947661e-08,0.004717826843261719
10000.0,5,1000.0,0.01,10,1115,True,3.4037756163893078e-09,8.454930605101224e-07,1.2788098995370754e-13,2.7456958832339366e-08,0.008219003677368164
10000.0,5,10000.0,0.01,11,1616,True,2.496434274738655e-11,9.964078658272564e-07,5.067938835681937e-16,2.228396219543898e-08,0.011987686157226562
10000.0,5,0.0001,0.0001,500,101934,False,18.09003564393449,7.941671214206755e-07,0.0011820639627013105,0.7627219843908508,0.6921055316925049
10000.0,5,0.001,0.0001,500,100311,False,2.5026533644516618,1.7320423028043944e-06,0.00017692521918757912,0.3366320459478034,0.6970055103302002
10000.0,5,0.01,0.0001,500,94476,False,0.010735638015682215,5.472321051908055e-08,4.7033182627458924e-07,0.0022952274905192445,0.6400456428527832
10000.0,5,0.1,0.0001,148,25716,True,9.367047415209313e-07,5.2627921640364965e-11,3.700946800403996e-11,2.0112250405593432e-07,0.17258715629577637
10000.0,5,1.0,0.0001,21,3259,True,6.151794017232409e-07,9.137681115159581e-10,2.458778098648901e-11,1.3205299703987372e-07,0.02043628692626953
10000.0,5,10.0,0.0001,6,777,True,4.170013490521279e-07,2.9241510799420303e-08,1.9246004522385726e-11,8.63075546075209e-08,0.00767970085144043
10000.0,5,100.0,0.0001,5,696,True,2.6902932095544973e-09,3.2635567580962944e-08,1.35145035618185e-15,6.69030175008891e-10,0.004563808441162109
10000.0,5,1000.0,0.0001,5,1090,True,1.355251427932408e-10,1.8960259350408533e-07,1.6893129452273124e-16,2.1481187536892783e-09,0.007149696350097656
10000.0,5,10000.0,0.0001,6,1749,True,2.778746986807151e-11,5.963708158313212e-09,5.067938835681937e-16,1.1413665489936073e-10,0.01186370849609375
10000.0,5,0.0001,1e-06,500,141560,False,18.090035278741233,1.884713485608112e-08,0.001182062953134784,0.7627209281564251,0.9721617698669434
10000.0,5,0.001,1e-06,500,136830,False,2.5026117115181914,1.4217066877755344e-08,0.00017692231927294062,0.33662997291830504,0.9222149848937988
10000.0,5,0.01,1e-06,500,130813,False,0.010733870165241534,6.390539275538304e-10,4.70276077933809e-07,0.002294831307826714,0.8946266174316406
10000.0,5,0.1,1e-06,148,34907,True,9.374753288538592e-07,1.9243149400240356e-11,3.704342319423903e-11,2.012874915123096e-07,0.2373034954071045
10000.0,5,1.0,1e-06,21,4499,True,6.429102169741833e-07,2.1816300885924106e-11,2.5713708064483012e-11,1.3799814679555054e-07,0.029647111892700195
10000.0,5,10.0,1e-06,6,1179,True,8.750001888089471e-07,6.28585121426223e-10,4.130995196870513e-11,1.8649939213347768e-07,0.008625507354736328
10000.0,5,100.0,1e-06,4,873,True,1.3185219470680086e-08,7.752309004901839e-10,7.49210291208313e-13,2.746987014707694e-09,0.005950450897216797
10000.0,5,1000.0,1e-06,3,972,True,2.4633357435931377e-08,4.0249929198577047e-07,3.833051072720772e-13,8.165454497967013e-09,0.006843090057373047
10000.0,5,10000.0,1e-06,4,1830,True,4.514488541539222e-11,7.678658841284067e-09,2.3650381233182375e-15,1.3993868141484604e-10,0.011360883712768555
10000.0,6,0.0001,0.01,500,65117,False,26.70382428998895,0.000251768116558321,0.0027530082627184524,0.6504819092483773,0.4754626750946045
10000.0,6,0.001,0.01,500,59193,False,1.959877360127357,0.0001632837003498083,0.0001678273073654735,0.17815176051695142,0.4349370002746582
10000.0,6,0.01,0.01,500,51188,False,0.005883166669355574,4.481395233945306e-06,8.937430693158147e-08,0.0016267676564923374,0.358705997467041
10000.0,6,0.1,0.01,164,15392,True,9.412077465591632e-07,6.026509688332577e-09,1.1259190130847364e-11,2.611833238770989e-07,0.10851407051086426
10000.0,6,1.0,0.01,20,1549,True,9.438810432213873e-07,9.98699552197298e-08,1.1765796346242038e-11,2.619769344656968e-07,0.01126551628112793
10000.0,6,10.0,0.01,10,650,True,1.9166841543425807e-08,1.3867173529576845e-07,2.817368987830822e-13,4.981430746003889e-09,0.005349159240722656
10000.0,6,100.0,0.01,10,763,True,2.301679364147555e-09,1.9424395811312287e-07,1.4069110765919757e-14,2.645722359035971e-09,0.004518270492553711
10000.0,6,1000.0,0.01,10,1214,True,5.888072051374139e-10,3.291738880087708e-07,4.941922941306268e-14,7.959227106658379e-09,0.00900125503540039
10000.0,6,10000.0,0.01,11,1607,True,1.7799570277763026e-11,5.868290764398572e-07,2.364556431247018e-16,1.4112663072575339e-08,0.011998891830444336
10000.0,6,0.0001,0.0001,500,107236,False,26.67224886157316,2.3400830500107353e-06,0.002750806957516168,0.6501565436346246,0.750025749206543
10000.0,6,0.001,0.0001,500,100174,False,1.9556178688350674,1.393805233015237e-06,0.0001674411155176435,0.17789998583506386,0.6844127178192139
10000.0,6,0.01,0.0001,500,90324,False,0.006135378127034293,2.43747474728005e-08,9.184280216987682e-08,0.001697264492646003,0.6234970092773438
10000.0,6,0.1,0.0001,170,27395,True,9.646528839753685e-07,4.3504393856871564e-11,1.1450364518313685e-11,2.6768907496390895e-07,0.1989898681640625
10000.0,6,1.0,0.0001,22,3193,True,8.74478760075925e-07,6.678104123534706e-10,1.0410314372029684e-11,2.426659221591591e-07,0.022598743438720703
10000.0,6,10.0,0.0001,6,769,True,1.4156737437959453e-07,1.101792082443838e-08,3.6676634805072495e-12,3.6178311454407115e-08,0.006401538848876953
10000.0,6,100.0,0.0001,5,695,True,8.698600425983765e-09,5.989588246563723e-08,7.968555173302451e-14,2.6981879282541475e-09,0.005017757415771484
10000.0,6,1000.0,0.0001,5,1072,True,1.4167524616992004e-10,2.7189336071075815e-07,3.783290289995229e-15,5.039048105537692e-09,0.008261919021606445
10000.0,6,10000.0,0.0001,6,1814,True,8.892831262436727e-12,4.636226750392392e-09,4.729112862494036e-16,9.174368896985343e-11,0.01308298110961914
10000.0,6,0.0001,1e-06,500,143738,False,26.672176200226403,2.6145044113166402e-08,0.0027507985900994585,0.6501564360787654,0.9869763851165771
10000.0,6,0.001,1e-06,500,136901,False,1.9556782789722489,1.2229993256509744e-08,0.0001674461795385941,0.1779045767618151,0.9294228553771973
10000.0,6,0.01,1e-06,500,126006,False,0.006149213098407231,3.6609375455049987e-10,9.200079911137284e-08,0.0017011166922693416,0.8596394062042236
10000.0,6,0.1,1e-06,170,37795,True,9.701901144703135e-07,1.5975642116541897e-11,1.151550804799454e-11,2.692256915254635e-07,0.2510077953338623
10000.0,6,1.0,1e-06,23,4802,True,5.71313579202978e-07,1.9217658772697422e-11,6.795025816474556e-12,1.585382396981726e-07,0.031224727630615234
10000.0,6,10.0,1e-06,6,1155,True,6.600899795185116e-07,2.9620002802408167e-10,1.128815594713014e-11,1.824264407762568e-07,0.008265018463134766
10000.0,6,100.0,1e-06,3,645,True,6.467193260780065e-07,7.151917416973899e-08,3.521214677937966e-11,1.5404422798404556e-07,0.003881692886352539
10000.0,6,1000.0,1e-06,3,951,True,2.389794572301133e-08,4.3050825311191457e-07,7.685990679768433e-13,7.314666287517386e-09,0.006745815277099609
10000.0,6,10000.0,1e-06,4,1816,True,1.6194362716982295e-11,6.492532016405513e-09,7.093669293741054e-16,1.2053391401878371e-10,0.011961936950683594
10000.0,7,0.0001,0.01,500,63004,False,21.122074098770085,0.0001957576914309268,0.0013767801750690293,0.7915373260507482,0.44833993911743164
10000.0,7,0.001,0.01,500,56217,False,2.707477179982693,0.00019831720350974624,0.00023250622568837988,0.24900806973847692,0.4036071300506592
10000.0,7,0.01,0.01,500,50927,False,0.014786850907557943,9.83638735146847e-06,4.1804520940771507e-07,0.003264062842169853,0.36234593391418457
10000.0,7,0.1,0.01,171,15510,True,9.78038192421054e-07,8.094292103774963e-09,2.508879732282911e-11,2.1661346312252188e-07,0.10903000831604004
10000.0,7,1.0,0.01,25,1787,True,8.375324552587614e-07,1.0934131098358547e-07,2.166933552082895e-11,1.8554758806812493e-07,0.01299285888671875
10000.0,7,10.0,0.01,9,573,True,1.0603810094659596e-07,8.455140506807198e-07,3.972120931529867e-12,1.936188292959692e-08,0.003999948501586914
10000.0,7,100.0,0.01,9,648,True,7.01577520313524e-09,9.949168206231175e-07,1.5697011271794216e-14,1.889300618228125e-08,0.004008293151855469
10000.0,7,1000.0,0.01,10,1178,True,8.94539011353485e-10,2.9157754948075115e-07,2.688695990119207e-14,4.048939630883016e-09,0.008001565933227539
10000.0,7,10000.0,0.01,11,1659,True,4.658839458717008e-11,4.199311734410605e-07,3.1083190637216267e-16,8.771896499875398e-09,0.011997222900390625
10000.0,7,0.0001,0.0001,500,104891,False,21.108016588936227,1.6709328980500432e-06,0.001376374764373737,0.7912531817015271,0.6987709999084473
10000.0,7,0.001,0.0001,500,98261,False,2.6998173260016705,2.2882950603425207e-06,0.00023187337594513023,0.2484878028120219,0.679908037185669
10000.0,7,0.01,0.0001,500,88994,False,0.014530579499444642,9.751423315331784e-08,4.11071986371504e-07,0.003207349543466262,0.6147205829620361
10000.0,7,0.1,0.0001,169,26921,True,9.55100057814631e-07,4.1911302845371034e-11,2.4495263797611466e-11,2.1153534090820168e-07,0.17740988731384277
10000.0,7,1.0,0.0001,23,3304,True,6.971255928101675e-07,7.743021017710186e-10,1.7945724698443628e-11,1.5439805838122544e-07,0.022202014923095703
10000.0,7,10.0,0.0001,6,732,True,8.936682178792951e-07,5.567324475512117e-08,3.046261473614424e-11,1.9215206104840764e-07,0.005004405975341797
10000.0,7,100.0,0.0001,5,648,True,7.616095225302451e-09,7.665783849207334e-08,2.6840335115236247e-13,1.9093297614333917e-09,0.0044651031494140625
10000.0,7,1000.0,0.0001,5,1003,True,1.2260483332695856e-10,1.640315799034113e-07,3.108319063721627e-15,2.59674900420885e-09,0.007184505462646484
10000.0,7,10000.0,0.0001,6,1694,True,2.7152797532668778e-11,5.1507473870383724e-09,1.5541595318608134e-16,9.71804292057149e-11,0.010990619659423828
10000.0,7,0.0001,1e-06,500,137864,False,21.10820653180739,1.642869088322892e-08,0.001376381916449763,0.7912543484011639,0.9014787673950195
10000.0,7,0.001,1e-06,500,134605,False,2.6997861233146936,9.217632751521211e-09,0.00023187230053542802,0.24848799604503688,0.9091677665710449
10000.0,7,0.01,1e-06,500,124946,False,0.014528519343547952,6.843649337737916e-10,4.1103900959289316e-07,0.0032068801383427453,0.8182871341705322
10000.0,7,0.1,1e-06,169,37461,True,9.546511640454925e-07,1.908570069177081e-11,2.4483763017075696e-11,2.1143595038670976e-07,0.24455618858337402
10000.0,7,1.0,1e-06,23,4657,True,6.779869553928869e-07,1.771411130492127e-11,1.7448704480154538e-11,1.5015979933332406e-07,0.02958083152770996
10000.0,7,10.0,1e-06,7,1247,True,1.4038371470967397e-07,1.0273918190618923e-10,3.894102123030454e-12,3.104874540370428e-08,0.008357524871826172
10000.0,7,100.0,1e-06,4,799,True,1.9473587603870147e-08,1.428774651767183e-09,7.100954901072056e-13,4.2535210815472615e-09,0.004648447036743164
10000.0,7,1000.0,1e-06,3,928,True,4.3397247696495576e-08,5.344021612679735e-07,1.075633812000869e-12,1.2485204351793482e-08,0.006192684173583984
10000.0,7,10000.0,1e-06,4,1742,True,1.2114260977294677e-11,5.571427381662293e-09,3.1083190637216267e-16,9.679711557832217e-11,0.01208639144897461
10000.0,8,0.0001,0.01,500,66087,False,25.26915080785493,0.00023902113132063605,0.0007768437057262419,0.5883402801446362,0.4767622947692871
10000.0,8,0.001,0.01,500,60222,False,0.9557074284910286,7.304968127542664e-05,1.8220723753806522e-05,0.13181117934778558,0.4240996837615967
10000.0,8,0.01,0.01,500,52152,False,0.003260803738317005,2.007210220445652e-06,2.7137876634452713e-08,0.0007263925413614122,0.3793654441833496
10000.0,8,0.1,0.01,143,13224,True,9.339006694426173e-07,6.214839515163157e-09,9.99420204532914e-13,2.7373006631694435e-07,0.09700393676757812
10000.0,8,1.0,0.01,22,1843,True,8.202550384693598e-07,1.0713664755082328e-07,1.2279878539215824e-12,2.397272785771381e-07,0.014000892639160156
10000.0,8,10.0,0.01,9,580,True,9.737598816844131e-08,6.547636349968772e-07,6.526064768405221e-13,2.9827856918256766e-08,0.003991842269897461
10000.0,8,100.0,0.01,9,677,True,3.2083129911074695e-09,7.659049209295169e-07,5.3451578103128476e-14,1.8293480056285135e-08,0.005001544952392578
10000.0,8,1000.0,0.01,10,1249,True,5.7198028503527e-10,1.595953887464746e-07,3.729179867660126e-15,4.2732321058121366e-09,0.009006261825561523
10000.0,8,10000.0,0.01,11,1726,True,1.689611955950005e-11,4.2141072248934617e-07,1.553824944858386e-16,7.534504081034788e-09,0.012993574142456055
10000.0,8,0.0001,0.0001,500,104801,False,25.242650178357323,2.6485871513482026e-06,0.0007762715330099472,0.5879597900507347,0.7138404846191406
10000.0,8,0.001,0.0001,500,101054,False,0.9541836634646482,7.906738575600761e-07,1.8162287688942394e-05,0.13184899898655322,0.7039477825164795
10000.0,8,0.01,0.0001,500,90976,False,0.0033757768293278456,2.0980885048805195e-08,2.7813800896093244e-08,0.000755973695310655,0.6118793487548828
10000.0,8,0.1,0.0001,133,21845,True,9.857604099547751e-07,7.077063323293684e-11,5.875478263993015e-12,2.5467640287348105e-07,0.1445631980895996
10000.0,8,1.0,0.0001,19,2853,True,6.17196219262975e-07,8.715576400503763e-10,4.723938597358465e-12,1.3957392657396236e-07,0.019173622131347656
10000.0,8,10.0,0.0001,6,777,True,7.182695261598935e-07,2.4470763287289242e-08,5.405756983162325e-13,2.1003174356124724e-07,0.005113363265991211
10000.0,8,100.0,0.0001,5,717,True,5.057589576627771e-09,4.411593161015904e-08,3.729179867660126e-15,1.76934686413768e-09,0.005010843276977539
10000.0,8,1000.0,0.0001,5,1110,True,2.0220533320148608e-10,1.8645310393339268e-07,6.215299779433544e-16,3.2784930702604967e-09,0.007136344909667969
10000.0,8,10000.0,0.0001,6,1904,True,1.0638030746374617e-11,6.7626132910236625e-09,1.553824944858386e-16,1.562049243946397e-10,0.011872053146362305
10000.0,8,0.0001,1e-06,500,140723,False,25.242626439896277,2.6437973797755846e-08,0.0007762707614921996,0.5879591632533183,0.9605429172515869
10000.0,8,0.001,1e-06,500,137926,False,0.9541734985006676,5.640154890649574e-09,1.816204612696576e-05,0.13185005322302976,0.9194760322570801
10000.0,8,0.01,1e-06,500,125644,False,0.0033770678245725926,2.2039553774134096e-10,2.782264324770695e-08,0.0007563456831057278,0.8568546772003174
10000.0,8,0.1,1e-06,133,30102,True,9.488054889910098e-07,2.8510853458129053e-11,5.866466079312836e-12,2.4202985437459164e-07,0.2126612663269043
10000.0,8,1.0,1e-06,19,4131,True,6.446739626491153e-07,2.315660383541435e-11,4.754548948772175e-12,1.524496738110619e-07,0.028634071350097656
10000.0,8,10.0,1e-06,6,1150,True,2.63765425539124e-07,2.3098188883832658e-10,2.2743335717892194e-12,5.8662279229622e-08,0.00782322883605957
10000.0,8,100.0,1e-06,3,629,True,6.037345492887004e-07,5.5664667419810584e-08,7.583442643381353e-12,1.1258078646282425e-07,0.004544734954833984
10000.0,8,1000.0,1e-06,3,1003,True,3.183218446527361e-08,3.5210270522407854e-07,2.8279613996422624e-14,1.1307409759170568e-08,0.007002115249633789
10000.0,8,10000.0,1e-06,4,1866,True,3.3704051236431163e-11,1.130107031986413e-08,1.553824944858386e-16,2.355893311591456e-10,0.01327204704284668
10000.0,9,0.0001,0.01,500,68291,False,25.292014734002485,0.00023582659196576296,0.0013737117370598735,0.7143967521772152,0.4677152633666992
10000.0,9,0.001,0.01,500,62147,False,2.319873099661699,0.0001892566666332689,0.00012478956987645935,0.25550548622267194,0.42771363258361816
10000.0,9,0.01,0.01,500,52930,False,0.005196772244961308,3.203174972877391e-06,1.7717402424532983e-07,0.0008118363683120627,0.3777577877044678
10000.0,9,0.1,0.01,129,12304,True,9.464007296106208e-07,6.5994722296911965e-09,2.6393682066787065e-11,1.5225478457615395e-07,0.09200525283813477
10000.0,9,1.0,0.01,21,1586,True,4.809141748904686e-07,7.762544338141706e-08,1.3810628172515487e-11,7.709701005025637e-08,0.012997150421142578
10000.0,9,10.0,0.01,9,563,True,6.570851874118178e-08,7.486852283356909e-07,2.4558643432389804e-12,1.2220136464177595e-08,0.00400090217590332
10000.0,9,100.0,0.01,10,751,True,2.0094713385834704e-09,3.916613792380622e-08,3.948756910580504e-14,8.425525987486069e-10,0.006006479263305664
10000.0,9,1000.0,0.01,10,1138,True,1.2379680516131275e-09,4.599198231937227e-07,4.068054702440942e-14,8.313140301128155e-09,0.008184194564819336
10000.0,9,10000.0,0.01,11,1591,True,4.996723392094626e-11,9.787894343848783e-07,0.0,2.2333095064709882e-08,0.01100015640258789
10000.0,9,0.0001,0.0001,500,107499,False,25.25835450898956,2.6123893804181016e-06,0.001372354030428137,0.7141244176206586,0.778639554977417
10000.0,9,0.001,0.0001,500,102652,False,2.3138805002952068,1.2907547368386235e-06,0.00012447332525363037,0.2550409806967161,0.7018811702728271
10000.0,9,0.01,0.0001,500,92253,False,0.005109786745496405,3.5950819198385116e-08,1.7458425815174201e-07,0.0007975075315968119,0.6331791877746582
10000.0,9,0.1,0.0001,127,20429,True,9.660348558145584e-07,6.206530354822448e-11,2.8039872296669252e-11,1.5488411409535504e-07,0.14501285552978516
10000.0,9,1.0,0.0001,19,2806,True,5.627743397026893e-07,8.053403222811459e-10,1.767253629062159e-11,8.935073698148983e-08,0.020017623901367188
10000.0,9,10.0,0.0001,6,741,True,3.605407864504108e-07,2.093187283147368e-08,7.194134040351864e-12,5.855048541090703e-08,0.004994392395019531
10000.0,9,100.0,0.0001,4,553,True,2.2394123499979228e-07,9.850850776969437e-07,2.920409944743527e-13,2.761233917452143e-08,0.004018068313598633
10000.0,9,1000.0,0.0001,5,1043,True,2.3491565969535947e-10,1.8816585655034962e-07,1.0736801267439436e-15,2.0745699390146636e-09,0.007547855377197266
10000.0,9,10000.0,0.0001,5,1305,True,3.847988021758204e-11,8.928471487583044e-07,1.5508712941856964e-15,1.0752814040643102e-08,0.009264707565307617
10000.0,9,0.0001,1e-06,500,141718,False,25.25802451164748,1.9125078311490555e-08,0.0013723407101958465,0.7141228080479536,0.9785051345825195
10000.0,9,0.001,1e-06,500,137234,False,2.3139154985432806,1.6320216023241515e-08,0.00012447412017191914,0.2550402437490493,0.9397039413452148
10000.0,9,0.01,1e-06,500,127394,False,0.00510984400245061,3.609106801958916e-10,1.7459422464716742e-07,0.0007975046621587605,0.8807940483093262
10000.0,9,0.1,1e-06,127,28063,True,9.555970009448556e-07,2.4698647141011182e-11,2.7801396010740234e-11,1.531757216604978e-07,0.19204163551330566
10000.0,9,1.0,1e-06,19,4029,True,5.548421004295679e-07,2.142450973204259e-11,1.7425470563678623e-11,8.808582758414e-08,0.027239322662353516
10000.0,9,10.0,1e-06,6,1128,True,4.240375459431929e-07,3.0563561190967665e-10,1.5310201416201195e-11,6.587738064402961e-08,0.008015632629394531
10000.0,9,100.0,1e-06,4,836,True,1.1815144789532885e-08,5.749887500976522e-10,4.707490866812891e-13,1.7992557444030517e-09,0.004999399185180664
10000.0,9,1000.0,1e-06,3,927,True,9.027250722138201e-09,1.8728711441234302e-07,1.4673628398833895e-14,2.8435724887507745e-09,0.0070002079010009766
10000.0,9,10000.0,1e-06,4,1788,True,2.7075905994403933e-11,5.588502679874092e-09,5.964889593021909e-16,1.0689613399965012e-10,0.011992931365966797
10000.0,10,0.0001,0.01,500,63193,False,20.765711872000207,0.00017529226707672292,0.0012562047182071696,0.7311857528641671,0.4465358257293701
10000.0,10,0.001,0.01,500,56059,False,1.8317322178587785,0.0001431446254320373,0.00012209513423095002,0.22561998649434398,0.40262484550476074
10000.0,10,0.01,0.01,500,50229,False,0.0028026703342706035,1.6924281525935996e-06,1.0727536263916614e-07,0.0004923806565260902,0.3626546859741211
10000.0,10,0.1,0.01,118,11061,True,9.538748877514516e-07,1.0473908310421995e-08,3.052950384807846e-11,1.7597167645624326e-07,0.07629823684692383
10000.0,10,1.0,0.01,19,1486,True,4.967739446777262e-07,1.0741448062577728e-07,1.3923967265720517e-11,8.93621638443272e-08,0.009870529174804688
10000.0,10,10.0,0.01,10,654,True,1.3196573744373917e-08,1.0737602020747848e-07,2.0209544797993676e-13,3.3280193745501867e-09,0.0047664642333984375
10000.0,10,100.0,0.01,10,788,True,9.090443166240334e-10,5.466947481449818e-08,2.2418685322470716e-14,1.3011705997562478e-09,0.005466938018798828
10000.0,10,1000.0,0.01,10,1212,True,7.195916671309617e-10,3.0279759204222267e-07,1.767312419581633e-14,7.461339625121221e-09,0.009093761444091797
10000.0,10,10000.0,0.01,11,1701,True,3.2543584988751823e-11,3.916709764939244e-07,1.6364003885015122e-16,9.553999931897882e-09,0.011806488037109375
10000.0,10,0.0001,0.0001,500,101260,False,20.744259687109043,1.927049948832432e-06,0.0012554086369347271,0.7308629853994193,0.735048770904541
10000.0,10,0.001,0.0001,500,97197,False,1.826122440372027,1.5459812151670536e-06,0.00012171224694305077,0.22517397295056216,0.6688270568847656
10000.0,10,0.01,0.0001,500,89810,False,0.0027741915614102096,2.4826657547377788e-08,1.0561763471712121e-07,0.0004891947909628827,0.638077974319458
10000.0,10,0.1,0.0001,120,19675,True,9.893264756179546e-07,8.135221763324658e-11,2.2581670801165468e-11,1.9630557127360855e-07,0.13821029663085938
10000.0,10,1.0,0.0001,18,2706,True,5.106944778408704e-07,6.264383668777885e-10,1.6736612253476917e-11,9.474917203143755e-08,0.018889665603637695
10000.0,10,10.0,0.0001,6,756,True,2.5142541060394756e-07,1.820315673676005e-08,9.149932772306205e-12,4.422006881925784e-08,0.0049936771392822266
10000.0,10,100.0,0.0001,5,686,True,4.597817654593141e-09,4.170260225822881e-08,3.894632924633599e-14,8.602259317861159e-10,0.005197763442993164
10000.0,10,1000.0,0.0001,5,1040,True,1.5044646335155542e-10,1.3727091729678918e-07,1.6364003885015122e-15,3.3075456518657945e-09,0.006982564926147461
10000.0,10,10000.0,0.0001,6,1824,True,1.8491900102089633e-11,3.500892486385527e-09,1.6364003885015122e-16,6.881529773193346e-11,0.011903524398803711
10000.0,10,0.0001,1e-06,500,139235,False,20.744370571647025,1.3928217465627888e-08,0.0012554115327707105,0.7308618197763681,0.9649431705474854
10000.0,10,0.001,1e-06,500,136805,False,1.8260564742816499,1.7757561781381013e-08,0.00012170866417351214,0.22516709977029306,0.9570095539093018
10000.0,10,0.01,1e-06,500,127610,False,0.002775712702449021,2.1564493385890714e-10,1.0566762756719012e-07,0.0004894650818626204,0.8816149234771729
10000.0,10,0.1,1e-06,121,27786,True,8.974958108422892e-07,1.3992621087366402e-11,2.0091560329982717e-11,1.7847788031122294e-07,0.1928081512451172
10000.0,10,1.0,1e-06,18,3836,True,5.768063491141614e-07,1.5490660160335826e-11,1.793233001735497e-11,1.0878832589228627e-07,0.026976346969604492
10000.0,10,10.0,1e-06,6,1140,True,2.42659988360767e-07,2.891750622751472e-10,9.687163019851252e-12,4.218515935548082e-08,0.008052825927734375
10000.0,10,100.0,1e-06,3,618,True,9.657854839687216e-07,1.6588850028397928e-07,4.8920844174408105e-11,1.6007829352953484e-07,0.004009246826171875
10000.0,10,1000.0,1e-06,3,969,True,1.2880870960875498e-08,3.617745677809829e-07,7.347437744371789e-14,6.750065603175616e-09,0.007110595703125
10000.0,10,10000.0,1e-06,4,1863,True,2.4070696299396906e-11,5.0861547957349845e-09,3.2728007770030243e-16,1.2708960047748096e-10,0.01186370849609375
10000.0,11,0.0001,0.01,500,65624,False,19.235151845372418,0.00015173550305544727,0.0008383420086022829,0.7210556508189108,0.4646165370941162
10000.0,11,0.001,0.01,500,60075,False,1.88829932846795,9.379205534597487e-05,7.854687013082369e-05,0.264143788476695,0.4211540222167969
10000.0,11,0.01,0.01,500,53922,False,0.002221304619445761,1.7629801404213653e-06,7.13709735294943e-08,0.0003857728068814102,0.37852907180786133
10000.0,11,0.1,0.01,112,10581,True,9.392659051679341e-07,8.485434650254762e-09,2.7704665886868877e-11,1.6427417339038266e-07,0.0756843090057373
10000.0,11,1.0,0.01,16,1134,True,5.297071562307966e-07,7.375208261959938e-08,1.4298273729265352e-11,8.604669299602527e-08,0.007950067520141602
10000.0,11,10.0,0.01,9,535,True,1.6034388925761137e-08,2.497527496282238e-07,5.646071176748234e-14,7.343467472228092e-09,0.004000186920166016
10000.0,11,100.0,0.01,9,655,True,1.919026582054248e-09,6.46149444318251e-07,1.4207837753305183e-14,9.728390076910115e-09,0.00499725341796875
10000.0,11,1000.0,0.01,10,1120,True,8.326197154780084e-10,1.8623329241813816e-07,5.8066815165682054e-15,5.564334264983405e-09,0.00800013542175293
10000.0,11,10000.0,0.01,11,1573,True,1.9564191244220294e-11,4.342798471292544e-07,2.4709283049226407e-16,7.95926534790253e-09,0.010999202728271484
10000.0,11,0.0001,0.0001,500,106505,False,19.208613333407012,1.688733186754948e-06,0.0008374842221403961,0.720772587629731,0.7462944984436035
10000.0,11,0.001,0.0001,500,101438,False,1.8868028349176116,1.5112748431200031e-06,7.840507700701432e-05,0.26399916782408156,0.7471516132354736
10000.0,11,0.01,0.0001,500,90761,False,0.0022114349944691828,1.004991713646172e-08,7.105065547996415e-08,0.00038404751963044907,0.6245608329772949
10000.0,11,0.1,0.0001,112,18361,True,9.13858914549899e-07,5.758490148954097e-11,2.7002304516194616e-11,1.5980973387494394e-07,0.12686800956726074
10000.0,11,1.0,0.0001,17,2467,True,7.411681542992801e-07,1.022833570063591e-09,2.267521486861409e-11,1.293855483216716e-07,0.017165660858154297
10000.0,11,10.0,0.0001,6,712,True,2.24058620045163e-07,2.7475064282986257e-08,6.776520876250341e-12,3.9044906764691306e-08,0.004639863967895508
10000.0,11,100.0,0.0001,4,535,True,1.7678059502265447e-07,6.12295649982082e-07,2.2297657023621908e-12,1.859830072102e-08,0.004072904586791992
10000.0,11,1000.0,0.0001,4,879,True,1.9266126886396503e-07,7.681779682418056e-07,2.349482178735693e-12,2.8830200864667023e-08,0.0051996707916259766
10000.0,11,10000.0,0.0001,6,1733,True,8.571307834410292e-12,5.658204478563904e-09,1.2354641524613203e-16,1.277009114415552e-10,0.012042522430419922
10000.0,11,0.0001,1e-06,500,142580,False,19.208855383744456,1.4650402967680138e-08,0.0008374859755098859,0.7207773743888013,0.983039379119873
10000.0,11,0.001,1e-06,500,136703,False,1.8868008946740644,1.384778097973411e-08,7.840748473477989e-05,0.2639924336706446,0.924971342086792
10000.0,11,0.01,1e-06,500,126483,False,0.0022114378201107446,1.4603836341759648e-10,7.105559770721325e-08,0.00038404237412343413,0.8792862892150879
10000.0,11,0.1,1e-06,112,25130,True,9.155048259250751e-07,1.2373027827623149e-11,2.7071737601562943e-11,1.600907943867996e-07,0.17435407638549805
10000.0,11,1.0,1e-06,17,3467,True,7.682634567314646e-07,1.8190846398872438e-11,2.3731783811799008e-11,1.339781389251968e-07,0.02372264862060547
10000.0,11,10.0,1e-06,6,1075,True,2.1108583661843956e-07,1.6234792226110519e-10,7.28157862177653e-12,3.6404476342864596e-08,0.007193803787231445
10000.0,11,100.0,1e-06,4,781,True,7.064134836730746e-09,6.966860644000787e-10,2.648835142877071e-13,1.2034539142880316e-09,0.005257844924926758
10000.0,11,1000.0,1e-06,3,922,True,2.2318938811997864e-08,2.77862436696364e-07,4.493383122501822e-13,6.25897016343985e-09,0.006220579147338867
10000.0,11,10000.0,1e-06,3,1147,True,5.463434091043176e-10,9.505903802101299e-07,1.1242723787398015e-14,1.9494101780863228e-08,0.007635593414306641
10000.0,12,0.0001,0.01,500,60662,False,16.696750210407792,0.00016342298094088823,0.0008658066312829194,0.8085503272899418,0.4162900447845459
10000.0,12,0.001,0.01,500,57304,False,2.408908999136009,0.000217742334633555,0.00016103771178067726,0.3245911532814118,0.3871920108795166
10000.0,12,0.01,0.01,500,49190,False,0.026028145620410365,1.486367301431898e-05,7.551275367218962e-07,0.008609761914232553,0.33305978775024414
10000.0,12,0.1,0.01,200,18118,True,9.66633482451651e-07,6.111318430730999e-09,2.6292629914767943e-11,3.2139478897485006e-07,0.12594103813171387
10000.0,12,1.0,0.01,26,1996,True,6.220686144773451e-07,6.492763478363652e-08,1.728441555404991e-11,2.0682702473092054e-07,0.013000011444091797
10000.0,12,10.0,0.01,10,605,True,2.3460384388948404e-08,1.2647765789308634e-07,8.090923825262263e-13,7.202979000395078e-09,0.004999637603759766
10000.0,12,100.0,0.01,10,759,True,1.2279077782810016e-09,3.924431218138868e-08,3.111893778947024e-14,8.498823718829502e-10,0.00542140007019043
10000.0,12,1000.0,0.01,10,1098,True,1.6543816666295484e-09,7.604142761118534e-07,2.872517334412638e-15,1.5078945141152265e-08,0.006907939910888672
10000.0,12,10000.0,0.01,11,1566,True,2.51544169464758e-11,4.6865091636914415e-07,6.383371854250306e-16,1.3261107492684143e-08,0.01104736328125
10000.0,12,0.0001,0.0001,500,100751,False,16.67953975400331,1.6220580389041282e-06,0.0008652835683518559,0.8084362275693717,0.7066857814788818
10000.0,12,0.001,0.0001,500,97445,False,2.4088923860266505,1.9224505053754644e-06,0.00016096867660796453,0.3245878276518096,0.6902904510498047
10000.0,12,0.01,0.0001,500,88108,False,0.02617389944967501,1.6962869655904074e-07,7.572954293842006e-07,0.008661796600947862,0.6030213832855225
10000.0,12,0.1,0.0001,201,31882,True,9.709250382916801e-07,4.850735546677376e-11,2.6382795042209228e-11,3.228216820229564e-07,0.22385597229003906
10000.0,12,1.0,0.0001,26,3830,True,8.321708549769455e-07,1.0872927543553906e-09,2.2656022969401543e-11,2.766858271328664e-07,0.028296470642089844
10000.0,12,10.0,0.0001,7,826,True,4.4665359626851263e-07,2.7787192463301146e-08,1.2367144630424543e-11,1.4848148694354143e-07,0.00603485107421875
10000.0,12,100.0,0.0001,5,684,True,7.574209938985224e-09,3.207242636208097e-08,1.2335866108338717e-13,2.8952179259994902e-09,0.004801273345947266
10000.0,12,1000.0,0.0001,5,1036,True,4.017925682730615e-10,1.8953720590356246e-07,3.191685927125153e-15,3.251981873276938e-09,0.006577491760253906
10000.0,12,10000.0,0.0001,6,1625,True,3.972775464823407e-11,6.367200521695495e-09,2.71293303805638e-15,1.2399772578390812e-10,0.014197587966918945
10000.0,12,0.0001,1e-06,500,140062,False,16.679517579136014,1.5254967363556013e-08,0.0008652853944449573,0.8084332662645369,0.9508333206176758
10000.0,12,0.001,1e-06,500,135620,False,2.4088910990389416,1.3682684917312135e-08,0.00016096733843219962,0.3245899363272351,0.8926126956939697
10000.0,12,0.01,1e-06,500,123745,False,0.026172245684941982,1.8903422405229258e-09,7.572313973023776e-07,0.008661284147481782,0.8611443042755127
10000.0,12,0.1,1e-06,201,44537,True,9.740536042058296e-07,2.1934062565770744e-11,2.6468332225056183e-11,3.2386193452805486e-07,0.29495787620544434
10000.0,12,1.0,1e-06,26,5635,True,8.157272028962286e-07,2.3374885856299165e-11,2.2206793175158678e-11,2.7121907091155333e-07,0.03737664222717285
10000.0,12,10.0,1e-06,7,1286,True,3.9580354167861926e-07,2.5924480009233415e-10,1.1207285964507263e-11,1.3148785538110145e-07,0.008311271667480469
10000.0,12,100.0,1e-06,4,824,True,3.1393907781802685e-08,1.4179398318325078e-09,1.1351230999820606e-12,1.0207901291948678e-08,0.005208015441894531
10000.0,12,1000.0,1e-06,3,899,True,2.8624237474299346e-08,4.0864518109753985e-07,6.072182476355604e-13,1.1088249509917689e-08,0.005753993988037109
10000.0,12,10000.0,1e-06,4,1771,True,4.903035490981352e-11,7.624243121595461e-09,7.979214817812882e-16,1.5561092852074446e-10,0.008795022964477539
10000.0,13,0.0001,0.01,500,63513,False,15.863275580149766,0.00015400263069754582,0.0006792272543667993,0.6919932160622548,0.41933608055114746
10000.0,13,0.001,0.01,500,59119,False,1.613011852215102,0.00010803439101006295,5.910343212386625e-05,0.3063365316205487,0.395632266998291
10000.0,13,0.01,0.01,500,51161,False,0.0045890949413484785,3.1546453901712543e-06,1.4809999171881032e-07,0.0010738119332528453,0.3679020404815674
10000.0,13,0.1,0.01,125,11611,True,9.822065758831957e-07,8.690658163384124e-09,2.8288541934794036e-11,2.3220580764527398e-07,0.0811004638671875
10000.0,13,1.0,0.01,20,1494,True,8.298684715731079e-07,1.4221492005844904e-07,2.2812738281387122e-11,1.9628529311804136e-07,0.010049581527709961
10000.0,13,10.0,0.01,9,505,True,5.774355530092659e-08,4.89305526688727e-07,2.0207519440267028e-12,1.7609374091156302e-08,0.003599882125854492
10000.0,13,100.0,0.01,9,614,True,3.348030982229517e-09,6.065791505955096e-07,9.224941740808303e-14,1.3137691971903223e-08,0.003607511520385742
10000.0,13,1000.0,0.01,10,1073,True,1.173278538528161e-09,2.793091944922459e-07,7.54407000324352e-15,6.7577183303391746e-09,0.007476091384887695
10000.0,13,10000.0,0.01,11,1409,True,3.2603390662436486e-11,5.843989183628948e-07,2.6470421064012347e-16,1.3025260406153833e-08,0.009338855743408203
10000.0,13,0.0001,0.0001,500,105269,False,15.824481909353505,1.6381971926471605e-06,0.00067781702599369,0.6918400235382496,0.6861598491668701
10000.0,13,0.001,0.0001,500,100224,False,1.612431227494766,1.2689094806419526e-06,5.904559572546444e-05,0.30650262974839143,0.6795518398284912
10000.0,13,0.01,0.0001,500,92815,False,0.0046423252890600815,3.422425668836745e-08,1.4966065968609818e-07,0.00108646116113263,0.6566934585571289
10000.0,13,0.1,0.0001,127,20556,True,9.25796108050399e-07,6.650318273120933e-11,2.6457715261901623e-11,2.1894512390096743e-07,0.13500595092773438
10000.0,13,1.0,0.0001,19,2591,True,5.346078867897337e-07,7.751784563439386e-10,1.5982046125818735e-11,1.2616611806714507e-07,0.016240835189819336
10000.0,13,10.0,0.0001,6,713,True,5.621198063814431e-07,4.36075107023974e-08,1.557837220459255e-11,1.3277167855951411e-07,0.005567312240600586
10000.0,13,100.0,0.0001,5,634,True,1.7420738053805393e-09,3.0937660105889574e-08,2.1705745272490125e-14,8.318482431591036e-10,0.00413060188293457
10000.0,13,1000.0,0.0001,5,949,True,1.351525102547882e-10,1.5547796356526464e-07,2.6470421064012347e-16,4.3659563602023706e-09,0.005816936492919922
10000.0,13,10000.0,0.0001,6,1582,True,3.420897713377041e-11,4.295999928808532e-09,0.0,1.2325289598407386e-10,0.010780572891235352
10000.0,13,0.0001,1e-06,500,143609,False,15.824356787845419,8.875964809622403e-09,0.0006778147472865663,0.6918368201237499,0.9345963001251221
10000.0,13,0.001,1e-06,500,138303,False,1.6124012524811495,1.2713020627195471e-08,5.904362309727532e-05,0.30650077324899483,0.9319806098937988
10000.0,13,0.01,1e-06,500,127793,False,0.004641844015861117,2.8462892395790214e-10,1.4965362861285515e-07,0.001086337946163958,0.8270125389099121
10000.0,13,0.1,1e-06,127,27825,True,9.259228162955356e-07,1.043921486609098e-11,2.6462744641903787e-11,2.1897544644742953e-07,0.1806468963623047
10000.0,13,1.0,1e-06,19,3706,True,5.30090256822169e-07,1.5750997825722417e-11,1.5802576671004732e-11,1.2513014150517608e-07,0.02775716781616211
10000.0,13,10.0,1e-06,6,1033,True,3.7801586385443794e-07,4.006717777232638e-10,1.2702360955987606e-11,8.798954033151778e-08,0.005113840103149414
10000.0,13,100.0,1e-06,3,579,True,9.958241676269591e-07,7.610468855717772e-08,3.8632785430294106e-11,2.2342148424805628e-07,0.005624294281005859
10000.0,13,1000.0,1e-06,3,868,True,2.7624048892651837e-08,4.183740965188939e-07,7.185395797826152e-13,9.278895768833919e-09,0.0051517486572265625
10000.0,13,10000.0,1e-06,4,1610,True,4.5096446488793175e-11,7.41039579810864e-09,9.264647372404322e-16,1.773312272577118e-10,0.010913372039794922
10000.0,14,0.0001,0.01,500,65531,False,24.508764024370123,0.00024057146532619646,0.001872123987729222,0.6991016428922137,0.4462442398071289
10000.0,14,0.001,0.01,500,61227,False,2.12534755998462,0.0001991932211887777,0.00014754294998785893,0.29771998338647865,0.43619322776794434
10000.0,14,0.01,0.01,500,48100,False,0.01575935261487031,9.316591626999594e-06,7.023170020070404e-07,0.0035401206263140908,0.32848286628723145
10000.0,14,0.1,0.01,164,13920,True,9.504762769945214e-07,8.568185379206353e-09,3.6126036280019464e-11,2.1577535646415937e-07,0.0957021713256836
10000.0,14,1.0,0.01,24,1864,True,5.995928295904355e-07,8.38690416608928e-08,2.0990662201792353e-11,1.355052532074655e-07,0.01298975944519043
10000.0,14,10.0,0.01,9,587,True,6.785747694825725e-08,5.625387953028346e-07,2.0064525659596054e-12,1.4404956988330053e-08,0.005007505416870117
10000.0,14,100.0,0.01,10,749,True,1.105202422404622e-09,7.424669594230235e-08,8.830439952291194e-15,1.7301096407576534e-09,0.005197763442993164
10000.0,14,1000.0,0.01,10,1199,True,4.1696133422561737e-10,2.3511180567116654e-07,7.594178358970427e-15,6.9802988588994745e-09,0.008374929428100586
10000.0,14,10000.0,0.01,11,1564,True,1.8589562537814578e-11,4.1768184003503537e-07,8.830439952291194e-16,6.182129944736485e-09,0.009690046310424805
10000.0,14,0.0001,0.0001,500,108935,False,24.476687144474987,1.5360689518120784e-06,0.001870240058128137,0.6989009097429854,0.7418575286865234
10000.0,14,0.001,0.0001,500,102588,False,2.122618508149872,1.0229404143949277e-06,0.00014728209259358245,0.2976663837820481,0.721066951751709
10000.0,14,0.01,0.0001,500,87028,False,0.015662132278456007,1.1325634647690265e-07,6.996943352031076e-07,0.003516391984754976,0.6243190765380859
10000.0,14,0.1,0.0001,163,25517,True,9.627024229370099e-07,6.275460753253132e-11,3.6734100375134234e-11,2.1853259068003512e-07,0.18510174751281738
10000.0,14,1.0,0.0001,22,3047,True,8.998738183186734e-07,1.057275153687616e-09,3.514161883413804e-11,2.0413568224364207e-07,0.021996736526489258
10000.0,14,10.0,0.0001,6,740,True,7.465365860808006e-07,5.393015433268544e-08,3.7741476964891615e-11,1.5860641531364471e-07,0.0049974918365478516
10000.0,14,100.0,0.0001,5,695,True,1.697201113617529e-09,2.34572156614962e-08,6.181307966603837e-14,6.471216598493738e-10,0.0049932003021240234
10000.0,14,1000.0,0.0001,4,896,True,2.1519867749154885e-07,7.126939274055588e-07,3.1104341687950505e-12,3.576676433031923e-08,0.007006406784057617
10000.0,14,10000.0,0.0001,6,1782,True,1.605406237156454e-11,3.727150430440274e-09,3.532175980916478e-16,7.260928659766977e-11,0.011993408203125
10000.0,14,0.0001,1e-06,500,142070,False,24.476621817111162,1.7066892953174462e-08,0.0018702403164790825,0.6988983204837941,1.0032918453216553
10000.0,14,0.001,1e-06,500,137410,False,2.1225490599424175,1.4455489078410485e-08,0.00014727553810062692,0.2976621376073255,0.9507343769073486
10000.0,14,0.01,1e-06,500,123808,False,0.015662394174294082,9.967900657287073e-10,6.996920096184418e-07,0.003516455128484642,0.8488879203796387
10000.0,14,0.1,1e-06,163,35743,True,9.64529070178386e-07,2.2376851006783336e-11,3.680333102436019e-11,2.1894748760189772e-07,0.25206494331359863
10000.0,14,1.0,1e-06,22,4395,True,9.286709590473996e-07,2.065809682195454e-11,3.618131483412081e-11,2.1069922331280656e-07,0.03181719779968262
10000.0,14,10.0,1e-06,7,1254,True,1.337870814542146e-07,7.725133905851438e-11,5.8083101830190564e-12,3.018216524932307e-08,0.008222341537475586
10000.0,14,100.0,1e-06,4,790,True,2.279440679529015e-08,1.9977312672830314e-09,1.1776274720375537e-12,5.045772628128547e-09,0.005982875823974609
10000.0,14,1000.0,1e-06,3,917,True,3.8352959316914435e-08,5.49013572792695e-07,2.007688827552926e-12,1.440714830417919e-08,0.006367206573486328
10000.0,14,10000.0,1e-06,4,1790,True,3.2597592304599e-11,4.186529389718543e-09,1.766087990458239e-16,7.433155382133079e-11,0.013077497482299805
10000.0,15,0.0001,0.01,500,67430,False,18.992044358167266,0.00011157926348693298,0.000549346099441292,0.7267769369293361,0.45484375953674316
10000.0,15,0.001,0.01,500,58965,False,1.6910932757413628,0.00014856449784571404,5.4635576871013944e-05,0.2827962599896987,0.3996758460998535
10000.0,15,0.01,0.01,500,48771,False,0.031235502533194976,2.2078327189322176e-05,5.024861274849208e-07,0.011394193192405248,0.33458662033081055
10000.0,15,0.1,0.01,209,17563,True,9.769809044461804e-07,6.7900379488821775e-09,1.4308965706747885e-11,3.6018458766245245e-07,0.1211249828338623
10000.0,15,1.0,0.01,25,1879,True,6.848080418650727e-07,4.784833517551527e-08,1.0721286446044867e-11,2.5166498503036644e-07,0.012757301330566406
10000.0,15,10.0,0.01,10,594,True,1.4690772125469876e-07,6.303355114612895e-07,1.6646714344029322e-12,5.419606816437898e-08,0.004361152648925781
10000.0,15,100.0,0.01,10,748,True,1.2144724632515378e-09,2.370725926807545e-08,2.2506579597100482e-14,8.637580704115711e-10,0.004617929458618164
10000.0,15,1000.0,0.01,10,1136,True,1.0103299854284744e-09,2.699050734963191e-07,1.4352021772064077e-14,5.814196657591691e-09,0.008403539657592773
10000.0,15,10000.0,0.01,11,1483,True,1.2169268110694984e-11,4.234147120144727e-07,6.523646260029126e-16,8.925963808962026e-09,0.007657527923583984
10000.0,15,0.0001,0.0001,500,108312,False,18.958141423306646,1.7261060727675663e-06,0.0005486380132315068,0.7266805002810502,0.744516134262085
10000.0,15,0.001,0.0001,500,101802,False,1.69150602343452,1.4369995734882793e-06,5.4623250644127925e-05,0.28338058742810796,0.6819896697998047
10000.0,15,0.01,0.0001,500,88879,False,0.03178857268194944,1.9359064563043359e-07,5.12516949906075e-07,0.01158859265909503,0.6100256443023682
10000.0,15,0.1,0.0001,212,33016,True,9.526821233670349e-07,6.677013932945713e-11,1.3957014991019313e-11,3.512277983762738e-07,0.24096441268920898
10000.0,15,1.0,0.0001,27,3857,True,8.544861760409571e-07,9.764397888629185e-10,1.2582971997500679e-11,3.150184755818154e-07,0.029986858367919922
10000.0,15,10.0,0.0001,7,850,True,7.029842839447593e-07,2.4342626063551252e-08,1.1173538223021385e-11,2.578688033950157e-07,0.00599980354309082
10000.0,15,100.0,0.0001,5,647,True,1.6806151060950293e-09,3.601682045102035e-08,2.6746949666119415e-14,1.2845934448376536e-09,0.006000518798828125
10000.0,15,1000.0,0.0001,5,991,True,4.3567583936315066e-10,3.2561373985701954e-07,3.751096599516747e-15,6.345285482821158e-09,0.006999015808105469
10000.0,15,10000.0,0.0001,6,1719,True,1.3242987842699379e-11,4.690063481590268e-09,4.892734695021844e-16,9.856675929705903e-11,0.012001276016235352
10000.0,15,0.0001,1e-06,500,142428,False,18.95855351348161,1.5173855514361443e-08,0.0005486447162760819,0.7266744584890666,0.9799976348876953
10000.0,15,0.001,1e-06,500,137461,False,1.6913481048291845,1.3343900513384831e-08,5.4617780538687214e-05,0.283376080040857,0.9287874698638916
10000.0,15,0.01,1e-06,500,124479,False,0.031788592447665444,2.2219225066207806e-09,5.124897689708413e-07,0.011588756054672267,0.8603942394256592
10000.0,15,0.1,1e-06,212,46512,True,9.521505958054114e-07,1.5938336306677375e-11,1.394951279782028e-11,3.5103188817914737e-07,0.3104135990142822
10000.0,15,1.0,1e-06,27,5558,True,8.597700335226918e-07,1.7904420041522912e-11,1.2653427377108994e-11,3.1696797244300444e-07,0.0404055118560791
10000.0,15,10.0,1e-06,7,1262,True,5.507263953808848e-07,2.157799493742676e-10,8.52493784144956e-12,2.026023715023846e-07,0.008126258850097656
10000.0,15,100.0,1e-06,4,792,True,3.598102623622502e-08,1.9196756292774647e-09,6.239867647717859e-13,1.2932428008940286e-08,0.005494117736816406
10000.0,15,1000.0,1e-06,3,926,True,4.051932639336579e-08,4.6609839273892e-07,7.164594505076987e-13,1.7005742875212493e-08,0.006474733352661133
10000.0,15,10000.0,1e-06,4,1683,True,1.7450707301273086e-11,6.152060984252358e-09,0.0,1.378393286243707e-10,0.008924245834350586
10000.0,16,0.0001,0.01,500,65196,False,17.065410633038248,0.00017573261101625236,0.0008832147781858297,0.6144822286310023,0.4443662166595459
10000.0,16,0.001,0.01,500,62341,False,1.098113145314906,7.999208127389105e-05,4.305025397328308e-05,0.16310481426393936,0.44289207458496094
10000.0,16,0.01,0.01,500,51000,False,0.0011720584107313067,9.513206375560202e-07,1.0921544621818577e-08,0.0003419828512142649,0.37044620513916016
10000.0,16,0.1,0.01,119,10944,True,9.8077040280254e-07,8.770137448272668e-09,7.208567549246349e-12,2.8688796015331726e-07,0.07635354995727539
10000.0,16,1.0,0.01,18,1385,True,5.829952651270461e-07,9.883606113200737e-08,4.505287990406761e-12,1.7034732863416616e-07,0.009382486343383789
10000.0,16,10.0,0.01,9,537,True,4.2248072709478064e-08,4.996433375380012e-07,7.345404172518311e-13,1.549905489984798e-08,0.0036771297454833984
10000.0,16,100.0,0.01,10,760,True,1.4630658616664167e-09,6.163946294269011e-08,2.0463214143401304e-14,1.9251906304411844e-09,0.005133867263793945
10000.0,16,1000.0,0.01,10,1125,True,7.903298024811657e-10,2.945104849454019e-07,1.7438217270028936e-14,9.93994177155504e-09,0.008375406265258789
10000.0,16,10000.0,0.01,11,1591,True,3.1704357430982334e-11,6.456348751493618e-07,7.117639702052627e-16,1.859656944058426e-08,0.011850357055664062
10000.0,16,0.0001,0.0001,500,104885,False,17.03269310385532,1.4098008618748051e-06,0.0008819616943163311,0.61406149094446,0.7143058776855469
10000.0,16,0.001,0.0001,500,100845,False,1.0937367894889576,6.476770183385157e-07,4.2896691651003164e-05,0.1626006146457146,0.6969268321990967
10000.0,16,0.01,0.0001,500,89366,False,0.0011524344310543727,7.937549088899959e-09,1.0774471765009108e-08,0.0003361320598520979,0.6474049091339111
10000.0,16,0.1,0.0001,118,19282,True,9.248009861793879e-07,5.3680520695758614e-11,6.812115017842018e-12,2.7051452459061633e-07,0.14055156707763672
10000.0,16,1.0,0.0001,17,2420,True,5.696273029766581e-07,9.512893385320939e-10,4.614009936855616e-12,1.6652009645577346e-07,0.017976999282836914
10000.0,16,10.0,0.0001,6,776,True,1.7357875014581187e-07,1.177944309835185e-08,9.375710897528824e-13,4.6788675032984266e-08,0.0050048828125
10000.0,16,100.0,0.0001,5,697,True,3.044398182787483e-09,2.3610428307184163e-08,2.0463214143401304e-14,1.0877858898124272e-09,0.004998683929443359
10000.0,16,1000.0,0.0001,4,901,True,3.3520165256380424e-07,9.288407180206561e-07,5.098543259572848e-12,7.00326081934893e-08,0.006999015808105469
10000.0,16,10000.0,0.0001,6,1681,True,2.8383358130127013e-11,6.296999277248441e-09,3.5588198510263136e-16,2.061685785526896e-10,0.012301445007324219
10000.0,16,0.0001,1e-06,500,143413,False,17.032672457199364,9.338597111311907e-09,0.0008819596290619952,0.614062574218782,0.9977555274963379
10000.0,16,0.001,1e-06,500,137001,False,1.0936936821971228,6.601318867990021e-09,4.2896404138217985e-05,0.16259198141881998,0.9593503475189209
10000.0,16,0.01,1e-06,500,125715,False,0.0011521316753480538,8.374297832141731e-11,1.0771006364179172e-08,0.0003360448001973347,0.8519182205200195
10000.0,16,0.1,1e-06,118,26809,True,9.34826462687514e-07,1.5893452690366166e-11,6.886494352728468e-12,2.734470718485505e-07,0.18269038200378418
10000.0,16,1.0,1e-06,17,3531,True,7.816116388590679e-07,1.3754516155454593e-11,6.106756923368603e-12,2.2858044859084067e-07,0.024573326110839844
10000.0,16,10.0,1e-06,6,1080,True,9.477552640089228e-08,9.812397793586601e-11,1.370323583637682e-12,2.714127745052807e-08,0.007797718048095703
10000.0,16,100.0,1e-06,3,606,True,3.8232464027219917e-07,7.856246527151e-08,1.2295722585295913e-11,6.639125293929248e-08,0.003667116165161133
10000.0,16,1000.0,1e-06,3,931,True,1.2893166687669735e-08,2.3101857608075888e-07,6.316905235571706e-14,9.625265155441533e-09,0.003644227981567383
10000.0,16,10000.0,1e-06,4,1775,True,2.35755526583217e-11,7.497841706404242e-09,3.5588198510263136e-16,2.0863969954884127e-10,0.014528036117553711
10000.0,17,0.0001,0.01,500,68396,False,21.996840184874046,0.0001523051644488721,0.0012190524601826105,0.7618618412934451,0.4842061996459961
10000.0,17,0.001,0.01,500,59957,False,2.378660155637337,0.0001483932761360643,0.0001512531815161144,0.27803673095166453,0.41060304641723633
10000.0,17,0.01,0.01,500,48011,False,0.043962747147019296,3.596601297573118e-05,1.0786897688889095e-06,0.015406752559454827,0.3318338394165039
10000.0,17,0.1,0.01,244,20552,True,9.910945388770215e-07,8.735362048972239e-09,2.463135823725984e-11,3.475087542140689e-07,0.14011788368225098
10000.0,17,1.0,0.01,31,2239,True,7.097565040755608e-07,8.445192123639502e-08,1.7566730704732078e-11,2.489804478432409e-07,0.015034198760986328
10000.0,17,10.0,0.01,10,671,True,4.1237987785999486e-08,2.215910473362911e-07,7.276793970007404e-13,1.4950069320576057e-08,0.004548072814941406
10000.0,17,100.0,0.01,9,725,True,5.1759238318461145e-09,9.975671339780335e-07,4.985775797733615e-14,1.8809962815019203e-08,0.0042018890380859375
10000.0,17,1000.0,0.01,10,1267,True,1.0456837937583991e-09,4.263577141950835e-07,4.064491139456751e-16,6.742315063348092e-09,0.008817911148071289
10000.0,17,10000.0,0.01,11,1733,True,1.685590044134866e-11,5.451916522226845e-07,1.2193473418370254e-15,9.258315543754717e-09,0.011679410934448242
10000.0,17,0.0001,0.0001,500,110292,False,21.972588357143973,9.350577792940644e-07,0.0012181473424326384,0.7616073641091501,0.7296981811523438
10000.0,17,0.001,0.0001,500,101618,False,2.3751704814037873,1.8227708561581956e-06,0.00015096627423927104,0.27790096821700583,0.6933989524841309
10000.0,17,0.01,0.0001,500,89803,False,0.043856881799083355,3.0681368119227176e-07,1.0768288576077076e-06,0.01536842531504292,0.5974242687225342
10000.0,17,0.1,0.0001,244,39354,True,9.491055324548273e-07,8.182187501091668e-11,2.3516061868592907e-11,3.3279687047760656e-07,0.26249194145202637
10000.0,17,1.0,0.0001,30,4520,True,9.513719654043123e-07,1.23471183960571e-09,2.3570390566823645e-11,3.3359180011762866e-07,0.03199410438537598
10000.0,17,10.0,0.0001,7,965,True,7.333469864228324e-07,3.5238314500522504e-08,1.8237507225780423e-11,2.570483882235174e-07,0.007000923156738281
10000.0,17,100.0,0.0001,5,726,True,4.716766419154572e-09,3.2174785074599935e-08,9.700585519503446e-14,1.1589221403437473e-09,0.005004167556762695
10000.0,17,1000.0,0.0001,5,1093,True,3.4443219060051054e-10,3.406942947440182e-07,1.354830379818917e-15,8.605622402921383e-09,0.0070002079010009766
10000.0,17,10000.0,0.0001,6,1869,True,9.527581213619578e-12,4.811797852946262e-09,0.0,8.903031382288485e-11,0.01299595832824707
10000.0,17,0.0001,1e-06,500,144754,False,21.97264253409028,1.658541874054305e-08,0.0012181472205863746,0.7616093556489995,1.0105667114257812
10000.0,17,0.001,1e-06,500,138627,False,2.375243603471947,1.2226750010400002e-08,0.00015097037135296476,0.2779011479305142,0.9054453372955322
10000.0,17,0.01,1e-06,500,125520,False,0.04387276187996822,3.188836981009794e-09,1.0771635252339528e-06,0.015374061511488426,0.8496372699737549
10000.0,17,0.1,1e-06,244,56132,True,9.546862813125044e-07,1.8928129830854136e-11,2.365439005037242e-11,3.347537020228185e-07,0.3687002658843994
10000.0,17,1.0,1e-06,30,6651,True,9.598055654264776e-07,1.6817472883075763e-11,2.3782286038227324e-11,3.3654864193125637e-07,0.044625043869018555
10000.0,17,10.0,1e-06,8,1604,True,1.821469750214339e-07,1.0713162209961873e-10,4.525268951633165e-12,6.386778660958092e-08,0.010784387588500977
10000.0,17,100.0,1e-06,4,919,True,7.034871073692396e-08,3.270494317216395e-09,1.868853025922214e-12,2.4645696404343787e-08,0.00600886344909668
10000.0,17,1000.0,1e-06,3,1053,True,7.179599889350865e-08,4.3764454176877277e-07,1.9502783317493312e-12,2.1945751733435152e-08,0.0077245235443115234
10000.0,17,10000.0,1e-06,4,1896,True,3.2267180924656464e-11,7.803283800933928e-09,8.128982278913502e-16,1.3380371498716818e-10,0.011775732040405273
10000.0,18,0.0001,0.01,500,65907,False,15.757116826666037,0.00011151263591017354,0.0006184397880050926,0.7180175164102729,0.4432990550994873
10000.0,18,0.001,0.01,500,58647,False,1.5144148443661913,0.0001385850049835429,6.323410813704379e-05,0.23878205337420394,0.3977549076080322
10000.0,18,0.01,0.01,500,51911,False,0.013037958118445932,1.0139780290713157e-05,1.8753697794179867e-07,0.005383822901209,0.3530409336090088
10000.0,18,0.1,0.01,185,18307,True,9.335051300839071e-07,6.99973959307178e-09,1.236158232179768e-11,3.863457998142275e-07,0.13550090789794922
10000.0,18,1.0,0.01,26,2124,True,7.316251900600104e-07,6.57006499494725e-08,9.734541054383357e-12,3.02844873953823e-07,0.01526188850402832
10000.0,18,10.0,0.01,9,550,True,3.653710036974144e-08,3.150120799144074e-07,6.585371918003231e-13,1.0124147664021736e-08,0.0043277740478515625
10000.0,18,100.0,0.01,10,751,True,1.526153336208474e-09,5.7264143434365555e-08,9.021057421922234e-15,2.0344545520075507e-09,0.005088090896606445
10000.0,18,1000.0,0.01,10,1180,True,9.617851445015716e-10,2.5424688472240265e-07,1.5445143767836554e-14,8.405643927827759e-09,0.009729862213134766
10000.0,18,10000.0,0.01,11,1558,True,4.568204478139925e-11,9.613527294177608e-07,5.467307528437718e-16,2.7441703044765423e-08,0.01064610481262207
10000.0,18,0.0001,0.0001,500,107506,False,15.733719567640579,1.4801987036610104e-06,0.0006178408805624301,0.7176094661655505,0.7295196056365967
10000.0,18,0.001,0.0001,500,102290,False,1.5088586341385084,1.263525864682981e-06,6.296510456640334e-05,0.2384671070799137,0.6785392761230469
10000.0,18,0.01,0.0001,500,92526,False,0.012991921706108245,9.045845411494811e-08,1.8681606833888706e-07,0.0053648429781531825,0.6441736221313477
10000.0,18,0.1,0.0001,184,30038,True,9.846127345383488e-07,4.9875422962519355e-11,1.3030780763278456e-11,4.0749607519606443e-07,0.2094745635986328
10000.0,18,1.0,0.0001,24,3575,True,8.084032177286232e-07,7.640253052775274e-10,1.07105921308977e-11,3.345712722120214e-07,0.024051189422607422
10000.0,18,10.0,0.0001,7,903,True,1.898782604719329e-07,1.0821660459665656e-08,2.8070523677881354e-12,7.835232607583333e-08,0.007199287414550781
10000.0,18,100.0,0.0001,5,702,True,5.509151793274735e-09,3.717097868004702e-08,3.827115269906402e-15,2.0496299133725708e-09,0.005131959915161133
10000.0,18,1000.0,0.0001,5,1094,True,2.764369910842788e-10,2.0123301263614046e-07,3.4170672052735736e-15,5.466269130672655e-09,0.007010698318481445
10000.0,18,10000.0,0.0001,6,1867,True,1.0905267519677465e-11,8.162777602511016e-09,2.733653764218859e-16,2.1520960893793959e-10,0.013100624084472656
10000.0,18,0.0001,1e-06,500,143519,False,15.733933299718574,1.342472710938414e-08,0.0006178459311085869,0.7176085526041966,1.001659870147705
10000.0,18,0.001,1e-06,500,139074,False,1.5087837876211143,1.0372411196001299e-08,6.296268170118884e-05,0.23846199661213513,0.9452376365661621
10000.0,18,0.01,1e-06,500,127496,False,0.012997934899150331,8.75846801158678e-10,1.8688831525412545e-07,0.00536734547329474,0.8530211448669434
10000.0,18,0.1,1e-06,184,41053,True,9.923384402817904e-07,2.2291150292194795e-11,1.3133292779436663e-11,4.1069354103197207e-07,0.2721993923187256
10000.0,18,1.0,1e-06,24,5246,True,8.5368764064975e-07,1.988351492617087e-11,1.130912562257342e-11,3.533106729047055e-07,0.035887956619262695
10000.0,18,10.0,1e-06,7,1338,True,1.7374779789532095e-07,1.0872129925004631e-10,2.4139529564934634e-12,7.187358826344404e-08,0.007993698120117188
10000.0,18,100.0,1e-06,4,856,True,1.596020534034284e-08,1.0335691905247496e-09,2.8990398169541e-13,6.518482712260681e-09,0.005615711212158203
10000.0,18,1000.0,1e-06,3,953,True,2.3462859022316457e-08,1.7384217474150394e-07,2.293535508179623e-13,1.200362049579305e-08,0.006854057312011719
10000.0,18,10000.0,1e-06,4,1813,True,4.030050383208619e-11,4.631668599713971e-09,8.200961292656576e-16,1.369889324754546e-10,0.012439727783203125
10000.0,19,0.0001,0.01,500,63369,False,33.23908493493165,0.0002956777886236167,0.002170751736167564,0.557277494936232,0.42844533920288086
10000.0,19,0.001,0.01,500,61527,False,1.1803740334106514,0.00010257001460859339,4.7987818388797986e-05,0.16888714479615388,0.42841315269470215
10000.0,19,0.01,0.01,500,49593,False,0.024217551785170047,2.0003988897970087e-05,4.847401358931251e-07,0.006636054247433416,0.33263206481933594
10000.0,19,0.1,0.01,198,18072,True,9.83576254776065e-07,6.763633198452966e-09,1.9552700592956678e-11,2.69937294586429e-07,0.12485265731811523
10000.0,19,1.0,0.01,21,1570,True,8.667900943432783e-07,1.1822045132431277e-07,1.7210468215540698e-11,2.3788770423324273e-07,0.010784387588500977
10000.0,19,10.0,0.01,10,646,True,3.750900877356329e-08,2.0556642829139746e-07,5.145841942597893e-13,1.080372409708212e-08,0.002545595169067383
10000.0,19,100.0,0.01,10,804,True,1.167295811290685e-09,2.3598561445887647e-08,1.136581594117496e-14,5.013962824230641e-10,0.007330894470214844
10000.0,19,1000.0,0.01,10,1211,True,8.264367156031559e-10,5.099579749217022e-07,1.4987889153197749e-15,5.541410594261662e-09,0.008391618728637695
10000.0,19,10000.0,0.01,11,1789,True,2.7476709189971765e-11,3.7039796860871406e-07,3.746972288299437e-16,5.558795338030573e-09,0.010855436325073242
10000.0,19,0.0001,0.0001,500,107713,False,33.18722322253072,3.760594041341823e-06,0.0021682534113632895,0.5568606978842492,0.705453634262085
10000.0,19,0.001,0.0001,500,102456,False,1.1771592279387724,1.064887816749141e-06,4.7833515717741516e-05,0.16912602907341331,0.7035977840423584
10000.0,19,0.01,0.0001,500,89727,False,0.024669684761897574,1.5192688988294855e-07,4.938106958729579e-07,0.006759600421916003,0.6018526554107666
10000.0,19,0.1,0.0001,201,33449,True,9.707387626270408e-07,3.5524714585723766e-11,1.929628278936072e-11,2.6641430537287996e-07,0.22567224502563477
10000.0,19,1.0,0.0001,26,3794,True,7.749109056853706e-07,1.075269498165291e-09,1.5414919094987606e-11,2.126698818328614e-07,0.0251312255859375
10000.0,19,10.0,0.0001,7,915,True,2.6638704026358914e-07,1.4420134931552281e-08,5.507799465647619e-12,7.267834246481186e-08,0.0060117244720458984
10000.0,19,100.0,0.0001,5,705,True,1.1345188294167598e-08,4.8552778287189016e-08,2.1907297978924044e-13,2.5151417386915603e-09,0.004861354827880859
10000.0,19,1000.0,0.0001,5,1104,True,2.818659823686107e-10,1.7118364899896022e-07,4.496366745959325e-15,3.4297670980100484e-09,0.00790858268737793
10000.0,19,10000.0,0.0001,6,1886,True,1.5022293910030405e-11,5.740271563688456e-09,3.746972288299437e-16,1.0032413580362573e-10,0.01204681396484375
10000.0,19,0.0001,1e-06,500,141157,False,33.187047412883274,2.614190173176806e-08,0.0021682455568839154,0.5568612781518392,0.9896609783172607
10000.0,19,0.001,1e-06,500,138191,False,1.1772112462338635,8.97841467175363e-09,4.783555748890427e-05,0.16912504672527892,0.938575029373169
10000.0,19,0.01,1e-06,500,126554,False,0.024690185679043852,1.1201757520371434e-09,4.942028838435305e-07,0.006765246155599172,0.8485074043273926
10000.0,19,0.1,1e-06,201,46071,True,9.763380189971508e-07,1.8777768193285994e-11,1.9407193169094383e-11,2.679509218986607e-07,0.3232910633087158
10000.0,19,1.0,1e-06,26,5678,True,8.067460495899824e-07,2.0637637506536383e-11,1.604565943018468e-11,2.2140703819760082e-07,0.0392146110534668
10000.0,19,10.0,1e-06,7,1319,True,3.8177142186399566e-07,1.5310867598187682e-10,7.667054696318308e-12,1.0474406638384226e-07,0.008993864059448242
10000.0,19,100.0,1e-06,4,856,True,3.220927481107248e-08,1.722797844029886e-09,6.657120765545334e-13,8.81746834365176e-09,0.005999326705932617
10000.0,19,1000.0,1e-06,3,961,True,4.9707616695418e-08,5.159928823575821e-07,7.902364556023514e-13,1.622053157246277e-08,0.0067081451416015625
10000.0,19,10000.0,1e-06,4,1886,True,4.004582747831146e-11,5.422082508179088e-09,2.497981525532958e-16,1.1170457599465908e-10,0.012135744094848633
